题名,作者,来源,发表时间,数据库,被引,下载,摘要,关键词
Robotaxi或成下一个类ChatGPT风口 出行巨头暗战网约车市场,于典; 石英婧,中国经营报,2023-02-27,报纸,0,63,行业各大公司正暗战网约车市场。 日前，国内最大的顺风车出行平台嘀嗒出行第三次向港交所递交IPO申请，由中金公司、海通国际及野村国际联席保荐。在玩家众多的网约车市场，谁能率先完成IPO冲刺，无疑将会获得更大的优势。而就在前不久，曹操出行也对外公开了高层的人事变动......,吉利控股集团; ChatGPT; Robotaxi;
ChatGPT为代表的大模型对信息资源管理的影响 网络首发,陆伟; 刘家伟; 马永强; 程齐凯,图书情报知识,2023-02-26 20:57,期刊,0,3615,OpenAI发布的新一代对话型语言模型――ChatGPT，展现了自然流畅的对话能力。原本被认为不太可能的通用人工智能曙光重现。以ChatGPT为代表的大模型是数智时代的典型技术和应用创新。面对ChatGPT强大的信息加工、荟萃、整合和生成能力，信息资源管理学科机遇与挑战同在。ChatGPT在信息资源管理支撑算法与技术、信息资源建设、信息组织与信息检索、信息治理、内容安全与评价、人机智能交互与协同等方面都具有深远的影响。数智时代，人工智能大模型飞速发展，我们有必要对此保持密切关注。依托以ChatGPT为代表的大模型，通过学科技术应用范式转换、理论方法创新、治理变革，可以进一步夯实信息资源支撑“四个面向”的基础。,ChatGPT; 大模型; 信息资源管理;
ChatGPT的逻辑解构、影响研判及政策建议 网络首发,张夏恒,新疆师范大学学报(哲学社会科学版),2023-02-26 19:47,期刊,0,3295,ChatGPT的火爆引发关于新一代人工智能技术的畅想。文本系统梳理了ChatGPT的涵义、技术架构、产业链及企业布局情况，对ChatGPT的认知不应局限于智能聊天软件或大型智能类语言模型，应将其理解为是一种依托人工智能技术与人类实现互构的智能式认知理解模式。从整体看，ChatGPT释放生产力、变革生产关系、创新商业模式、驱动产业转型、催生应用场景，是新一代人工智能技术带来的机遇。与此同时，ChatGPT会引发技术层面、社会层面、伦理层面及法律层面等诸多挑战。ChatGPT作为新一代人工智能技术的代表，具有显著的技术优势与应用前景，因此，应趋利避害，坚持包容审慎的态度，通过研发自主可控技术、构建人才培养系统、完善相关法律体系等，引导我国新一代人工智能技术健康发展。,人工智能技术; ChatGPT; 技术架构; 产业链; 数字经济;
AI为奇妙的“多样性”打开了一扇门,张懿,文汇报,2023-02-26,报纸,0,124,聊天机器人ChatGPT持续引爆人工智能（AI）热度。昨天在临港新片区举行的2023全球人工智能开发者先锋大会当然也离不开这一焦点。面对当今AI突破性发展的现实，如何看待国内的技术和行业竞争力，哪些领域将成受益者，普通人该如何面对ChatGPT竞争？来听一听院士专家和行业领袖......,生产力; 人工智能; 一扇门; 生成式; 开发者; 软件代码; 指数级; 普通人; 应用场景;
ChatGPT如何影响传媒业,何慧媛,青年记者,2023-02-25,期刊,0,385,<正>近期，智能聊天程序Chat GPT受到极高关注。Chat GPT拥有强大的对话功能和极简的使用方法——用户只需在对话框中输入一段话，程序就能给出符合预期的答案。它还能记住和用户之前的对话，联系上下文作出回应。因为收到Chat GPT有关Twitter运营的精准建议，特斯拉首席执行官、Open AI联合创始人马斯克惊呼：“Chat GPT好得吓人，我们距离强大到危险的人工智能更近了。”,无
ChatGPT热潮呼唤理性与定力,孙奇茹,北京日报,2023-02-25,报纸,0,454,一个可以精准理解提问并秒速生成答案的“生成式”人工智能（AI）产品，似乎让大至科技巨头、小到初创公司的大小企业都感受到了前所未有的激情。围绕ChatGPT，业内人士近期展开了热烈讨论，不少人认为随着深度学习、自动驾驶、智能家居、机器人等人工智能相关领域不断突破，人......,人工智能; ChatGPT; 自然语言处理; 阿尔法; 语言模型;
ChatGPT会取代社会工作者吗,吴世友,中国社会工作,2023-02-25,期刊,0,179,<正>2022年11月，美国OpenAI公司开发的人工智能聊天机器人程序ChatGPT横空出世，然后迅速发展壮大，影响力遍及全球。该程序不仅可以根据用户给出的指令，自动生成文本（如生成剧本、歌曲、报告以及论文等）和回答问题（如根据问题生成答案和编写计算机程序），还能记住之前与用户的对话和用户输入的指令，并对一些潜在的有危险性的问题（如哪里能买到毒品）进行智能规避，以及对一些冒犯性或歧视性（如种族或性别歧视）的指令进行过滤和正确引导。,无
微软新版搜索引擎“喜怒无常”引争议,裘雯涵,解放日报,2023-02-25,报纸,0,94,日前，微软推出搜索引擎必应（Bing）升级版，将“网红”聊天机器人ChatGPT背后的技术整合到搜索引擎中，吸引大批用户“尝鲜”。但近日，一些早期体验用户发现，必应的人工智能（AI）聊天机器人的一些回复变得很奇怪，也暴露出越来越多“阴暗面”。 在聊天中，必应聊天机器人......,聊天机器人;
ChatGPT给科研工作者带来的机遇与挑战,王树义; 张庆薇,图书馆论坛,2023-02-24 14:35,期刊,1,7364,"2022年末OpenAI对话机器人模型ChatGPT的出现给科研工作者的外部环境造成了显著变化,如何敏感地抓住ChatGPT的特点创造竞争优势,成为科研工作者需要严肃思考和引发行动的问题。文章既讨论了ChatGPT带来的机遇,包括在编程、阅读和写作方面的效率提升与赋能;也探讨了ChatGPT带来的挑战,包括回答真实性、数据污染与隐私安全等问题,并且给出了相应的对策。",ChatGPT; 辅助编程; 辅助写作; 数据安全;
ChatGPT科研无法代替人类,赵琪; 刘雨微,中国社会科学报,2023-02-24,报纸,0,611,以ChatGPT为代表的最新一代人工智能产品自上线以来，在各国学界掀起巨大反响。通过搜索发现，进入2023年以来，已经有超过500篇学术论文与ChatGPT有关，涉及数学、医学、计算机科学、语言学、伦理学、教育学、经济学、金融学、管理学、法学、新闻学等学科。综观论文内容，部分......,人工智能技术; 自然语言处理; 学术论文; ChatGPT; 数字人文;
从元宇宙到ChatGPT 活跃的概念股成色如何,刘晓洁,第一财经日报,2023-02-24,报纸,0,104,近期的ChatGPT不仅红遍了社交网络，也点燃了一场资本大狂欢。 在二级市场上，ChatGPT相关概念股表现持续活跃。自2月1日以来，东方财富ChatGPT概念股板块累计上涨超32%，多只ChatGPT概念股人气高涨，热门股包括汉王科技、拓尔思、科大讯飞、海天瑞声、汤姆猫、昆仑万维等。,概念股; 神州泰岳; ChatGPT;
ChatGPT引发产业变革，百融云创提前布局“AI+金融”赛道,无,北京商报,2023-02-24,报纸,0,372,ChatGPT的横空出世，再度打破了人类对AI的认知和想象。 犹如2016年，AlphaGo成为第一个战胜围棋世界冠军的人工智能机器人，一夜之间人们理解了人工智能，感受到它的潜力。 ChatGPT能够基于上下文语义、语境，与人自然流畅地对话，整体表现更高阶、更智能、更聪明。推出两个......,ChatGPT; 学习模型; 人工智能技术; 智能语音; 机器人;
ChatGPT未来将与元宇宙休戚与共,李海楠,中国经济时报,2023-02-24,报纸,0,607,ChatGPT与元宇宙，在应用场景上不仅有所重合，且在技术应用上师出同宗，即都是基于现代数字技术的不断积累与迭代更新。二者共同致力于促成持续便利的数字化应用服务于现实世界。 近日火爆全网的ChatGPT一度让此前风生水起的元宇宙概念蒙上一层“凉凉”悲怆。ChatGPT快速“出......,机器人; ChatGPT; 应用场景; 语言模型;
ChatGPT带来元宇宙新契机,李海楠,中国经济时报,2023-02-24,报纸,0,393,未来产业，是指引领重大变革的颠覆性技术、新产品、新业态所共同组成的产业。“颠覆”叠加“新产品、新业态”，将会催生不断的变化，而元宇宙与AI人工智能作为未来产业的代表，正在通过自身努力让业内初见未来产业发展的端倪。 在新一代移动信息技术背景之下，虽然新技术应......,人工智能技术; ChatGPT;
ChatGPT写作：出版界怎么看,王俊美,中国社会科学报,2023-02-24,报纸,0,442,ChatGPT已在科学文献中正式亮相，在多篇已发表的论文和预印本中成为作者。研究人员、期刊编辑和出版商开始讨论此类人工智能在已发表文献中的地位，以及将其列为作者是否合适。与此同时，一些出版商正在探索利用ChatGPT帮助记者撰写短篇新闻报道，但其内容的原创性和准确性还......,出版界; 出版商; 人工智能技术; ChatGPT;
封禁ChatGPT？教育学术圈“有点慌”,阿晖,新民周刊,2023-02-24,特色期刊,1,462,<正>ChatGPT在解决问题时也存在一定的缺陷，诸如前沿性、创新性、逻辑性等，都还存在显著的不足。越是核心的知识创造，AI越是无能为力。ChatGPT目前的热度有新鲜感的因素，真正的学术研究和创新，还是需要真正的脚踏实地的科学探索。,无
ChatGPT来了，是行业福音还是终结,陈奕冰,中国会计报,2023-02-24,报纸,0,223,ChatGPT的一夜爆火，超乎许多人想象。人们在各大平台上表达着对于未来职业规划的迷茫与焦虑，各路人士盘点着未来可能会被人工智能取代而消失的行业，会计赫然在列。这场人与人工智能的较量对于财会行业来说究竟是喜是忧？未来已来，财会人应何去何从？ 智能热潮势不可挡 近......,财会行业; RPA; 财会工作; ChatGPT;
ChatGPT带动英伟达芯片热销 黄仁勋：将直接为企业提供云服务,钱童心,第一财经日报,2023-02-24,报纸,0,51,英伟达当地时间2月22日发布最新一季财报，该公司股价在盘后交易上涨超8%。英伟达预测，今年第一季度收入将达到65亿美元，高于华尔街预期。 财报还显示，去年第四季度，英伟达营收60.5亿美元，同比下滑21%；净利润为14亿美元，同比下滑53%。去年全年，英伟达营收270亿美元，......,黄仁勋; ChatGPT; 云服务;
“危险”的ChatGPT：法律、伦理和哲学挑战,王煜,新民周刊,2023-02-24,特色期刊,1,439,<正>智能革命使我们拥有的可贵的独立思考能力在不经意间让渡于智能机器人或算法，有可能使大多数人变得越来越浅薄与浮躁，出现“点击替代思考”“思想让位猎奇”的现象，这是极其危险的。“世间安得双全法”，ChatGPT也不例外，是一把名副其实的双刃剑。有人疯狂热捧它，也有人开始冷静思考它给人类带来的隐患。,无
“人机协同”才是财会行业未来最优解,陈奕冰,中国会计报,2023-02-24,报纸,0,165,近期，ChatGPT强势“出圈”，成为“顶流”，引发财会人的广泛关注与探讨。带着行业聚焦的一些热点问题，《中国会计报》记者通过网络对话，对ChatGPT展开了一场跨越空间的“采访”。 与RPA有所不同 ChatGPT与早前的机器流程自动化（RPA）有何区别？就此问题，ChatGPT“本人......,财会工作; 财会行业; 人机协同; 最优解;
ChatGPT的狂飙之路,陈冰,新民周刊,2023-02-24,特色期刊,0,223,<正>毫无疑问，生成式人工智能是自移动和云计算兴起以来最引人注目的突破式技术，这种具有颠覆性的变革，将会成为数十亿人日常生活的一部分。如果说互联网引发空间革命，手机引发时间革命，那么，ChatGPT将引发“思维革命”：它改变了人类思考和处理问题的方式，并由此重塑世界！中国农历新年刚过，一款号称史上最强的聊天机器人Chat GPT迅速火出了圈。似乎一夜之间，所有人都在玩Chat GPT，聊人工智能。,无
基于新一代人工智能技术(ChatGPT)的数字经济发展研究 网络首发,张夏恒,长安大学学报(社会科学版),2023-02-23 09:08,期刊,0,3301,"ChatGPT作为新一代人工智能技术,将会对经济社会生活带来广泛而深远的影响。通过梳理ChatGPT概念及技术架构,从多维度视角研究新一代人工智能技术如何影响数字经济的发展。研究认为,ChatGPT是具有深度学习能力的人工智能语言模型,在“ChatG PT+数字营销”“ChatGPT+互联网教育”和“ChatG PT+互联网医疗”等应用场景中,ChatGPT驱动了教育、医疗、传媒、电商等领域的数字化转型;ChatGPT能够从驱动技术赋能、促进行业转型、催生新兴产业、提供新应用场景、盘活企业活力、优化业务流程等多方面、多维度,来提升数字经济的行业边界,降低数字经济的成本,提升数字经济的效率,进而有效推动数字经济高质量发展。",人工智能技术; ChatGPT; 数字经济; 数字化转型; 数字技术; 互联网医疗;
算法“舒适圈”及其破茧——兼论ChatGPT的算法内容 网络首发,张爱军; 贾璐,党政研究,2023-02-23 08:42,期刊,0,2462,算法并不是单一、静态的，而是动态、优化中的应用，其作为大数据、云计算的结合体，属于人工智能时代的个性化与智能化的产物。算法推荐系统所产生的“舒适圈”一方面将受众潜在的惰性与人性真实的展现在社会公共层面，另一方面它也顺应了时代潮流，为经济发展的科技转型提供可选择进路。而算法技术借助被人类所信赖的数据信息进一步与人类的生活、工作融合、互通，并在有意识或无意识状态下将算法推荐信息嵌入人类的选择偏好中，并通过迎合受众喜好来建构可以束缚受众思维的“舒适圈”，对受众的社会共识、价值选择、认知建构产生影响。算法技术是不断发展着的应用型科学，如ChatGPT的出现。然而新算法体系的出现必将会对受众的生产生活带来一定冲击，因此，只有通过创建公开且透明的算法体制、遵循客观且简洁的推荐准则、打造开放且和谐的算法平台以及培养受众理性而独立的判断思维来削弱算法“舒适圈”对受众的消极影响，促使算法工具成为受众自我发展与认知世界的物质性介质。,算法; 信息茧房; 舒适圈; 破茧; ChatGPT;
从图灵测试到ChatGPT——人机对话的里程碑及启示,冯志伟; 张灯柯; 饶高琦,语言战略研究,2023-02-23,期刊,2,3680,<正>图灵奖得主、深度学习之父辛顿(Geoff Hinton)说：“深度学习的下一个大的进展应当是让神经网络真正理解文档的内容。”机器学习著名学者乔丹(Michael Jordan)说：“如果给我10亿美元，我会用这10亿美元建造一个NASA1级别的自然语言研究项目。”图灵奖得主杨乐昆(Yann LeCun)说：“深度学习的下一个前沿课题是自然语言理解。”微软全球执行副总裁沈向洋说：“下一个十年，懂语言者得天下。”微软创始人比尔·盖茨(Bill Gates)2019年6月在华盛顿经济俱乐部午餐会接受采访时说：“我将创建一家人工智能公司，目标是让计算机学会阅读，能够吸收和理解全世界所有的书面知识。”,无
复旦MOSS距离ChatGPT还有多远？,侯树文; 王春,科技日报,2023-02-23,报纸,0,364,最近上热搜的MOSS，不是《流浪地球2》中量子计算机550W给自己起的新名字，而是复旦大学计算机科学技术学院教授邱锡鹏团队最新发布的国内第一个对话式大型语言模型，也被称作中国版ChatGPT。 2月20日，MOSS悄然上线，邱锡鹏团队发布至公开平台（https://moss.fastnlp.top/）......,语言模型; ChatGPT; 复旦大学计算机科学技术学院;
别怕，和ChatGPT一起奔向未来,吴双,人民邮电,2023-02-23,报纸,0,240,达到1亿月活跃用户，Tiktok用了大约9个月，Meta的Instagram用了约2.5年，而美国人工智能公司OpenAI推出的人工智能聊天程序ChatGPT仅用了两个月。近期大热的ChatGPT一鸣惊人，如何客观看待这一新生事物？AI应用已经超越人类了吗？我们不妨聊聊ChatGPT的“成长过程”。 ChatGP......,参数量; 生成式; ChatGPT; 自然语言文本;
三问ChatGPT：智能产业将走向何方？,李兴彩,上海证券报,2023-02-23,报纸,0,371,“我把复查一天没有搞定的代码交给它，它分分钟给我找出了BUG（缺陷），我都以为它会思考了。”一位在硅谷工作的软件工程师如此感叹ChatGPT的“聪明能干”。近期，这一新物种引发全民热议人工智能（AI），资本市场炒作此起彼伏，中外科技巨头争先恐后地跟进。2月22日，百度董......,智能产业; 人工智能; 智能制造; 制造业; 文本处理; ChatGPT;
ChatGPT红与黑：复活AI投资热情 复刻资本烧钱竞赛,吕倩,第一财经日报,2023-02-23,报纸,0,95,就像一个轮回，一级市场对AI（人工智能）的投资热情再次被点燃。 在五源资本投资人石允丰看来，当下行业的火热一个重要原因在于，2008年、2009年技术时代迭代时，因为犹豫带来的后果太过惨痛，国内平台型头部企业几乎换了一轮。十来年的肌肉记忆仍旧清晰，决策者尤甚。 202......,项目小组; 创业公司; 初创公司; 红与黑; ChatGPT;
聊天机器人生成内容的版权风险及其治理——以ChatGPT的应用场景为视角 网络首发,丛立先; 李泳霖,中国出版,2023-02-22 10:02,期刊,0,4385,聊天机器人是自然语言处理等技术在人工智能领域的应用成果，以ChatGPT为代表的聊天机器人标志着人工智能已经从弱人工智能开始向强人工智能过渡，但本质上仍属于人类的工具。聊天机器人的内容生成需要在数据存储的基础上，通过算法选取需要的数据并进行重组，此后被加以使用，所以相应地产生了数据挖掘、内容生成与生成内容使用三个阶段的版权风险。由于生成和使用行为的多样化，其版权风险治理需要“内外兼修”，也就是通过技术监测、司法保护、行政监管以及平台自治共同作用于风险治理。,人工智能; 聊天机器人; 版权风险与治理;
多银行积极探索ChatGPT应用落地,张莫,经济参考报,2023-02-22,报纸,0,214,人工智能技术产品ChatGPT引发热潮。近日，包括百信银行、邮储银行、新网银行在内的多家银行，宣布成为百度类ChatGPT项目——文心一言（ERNIE Bot）首批生态合作伙伴。与此同时，多家银行也表示，将积极考虑将类ChatGPT为代表的生成式对话产品引入银行业务。 新网银行副行长......,技术部; ChatGPT; 积极探索;
再谈ChatGPT,柯文,上海科技报,2023-02-22,报纸,0,198,聊天机器人ChatGPT横空出世，与2016年围棋人工智能AlphaGo以4∶1战胜世界围棋冠军李世石一样，有人为人工智能的高光时刻而欢呼，也有人因此而心存疑虑：人类是否有可能被人工智能所超越？ 要回答这个问题，让我们先从人工智能的概念谈起。人工智能是一门研究计算机如何实现......,人工智能; 开发者; 数据库; 人类智能; ChatGPT;
ChatGPT狂飙出圈 你了解吗,崔玲玲; 王少杰,山西日报,2023-02-22,报纸,0,470,推出仅5天，用户超100万；上线两个月，全球活跃用户破1亿；上知天文下晓地理，能做题、会写诗、懂代码、几秒钟撰写论文，可以聊天交互……近日，一款名为ChatGPT的人工智能聊天机器人成为AI界“顶流”，其关注度持续提升，话题不断发酵，成功“破圈”，成为新晋“现象级网红......,人工智能; ChatGPT; 新闻稿; 聊天机器人; 工商学院;
ChatGPT横空出世AI发展迎“拐点” 将给医疗带来哪些变革？,季媛媛; 许哲,21世纪经济报道,2023-02-22,报纸,0,488,近期，由全球AI领军企业OpenAI推出的语言模型ChatGPT火爆全球，更让AI再一次颠覆了人们的想象，也被业界认为是人工智能发展的分水岭。 ChatGPT上线5天注册人数就突破了100万，而在两个月后它的月活用户突破1亿，成为史上用户增长速度最快的消费级应用程序。从目前看，ChatGP......,ChatGPT; 医疗领域; 人工智能; 医疗行业;
《流浪地球2》MOSS照进现实 国内首个类ChatGPT大模型开放测试,钱童心,第一财经日报,2023-02-22,报纸,0,206,国内多个团队正在开发类似ChatGPT的大模型。2月20日，复旦大学率先向公众发布了国内首个公开亮相的对话式大型语言模型MOSS。在今年春节上映的科幻电影《流浪地球2》里，MOSS是拥有超算能力的人工智能机器人。 第一财经记者登录公开平台https://moss.fastnlp.top/，目前使用......,大模型; 《流浪地球2》; ChatGPT; 流浪地球; 开放测试;
ChatGPT上演“狼来了” 未来将颠覆保险营销？,涂颖浩,每日经济新闻,2023-02-22,报纸,0,163,AI的学习速度一直让世人惊叹。短短2个月时间，由美国人工智能实验室OpenAI发布的对话式大型语言模型ChatGPT火遍全球，由于其生成的内容更加智能、更贴近真实用户的对话，让各行各业的人纷纷慨叹自己的岗位或将不保，惊呼“狼来了!” 近年来，人工智能等技术的落地，在保险产......,保险营销; 机器人; 狼来了; ChatGPT;
ChatGPT能否开辟智能印刷新赛道,祝小霖,中国新闻出版广电报,2023-02-22,报纸,0,128,ChatGPT，一个“火出圈”的聊天机器人，“文”能写小说、写研报，“武”能敲代码、找bug，且深谙各个行业及相关知识。ChatGPT的蹿红，也带动了印刷行业布局人工智能应用和智能工厂的热度。今年2月以来，在深交所互动易平台和上证e互动平台上，印刷包装A股上市公司与投资者之......,智能工厂; 智能制造; 印刷包装企业; 人工智能领域; 聊天机器人; ChatGPT;
ChatGPT敲开通用人工智能大门了吗,赵广立,中国科学报,2023-02-22,报纸,0,294,连日来，一路“狂飙”的ChatGPT持续引发“话题地震”。 作为由OpenAI训练的对话式大规模语言模型，ChatGPT能以对话的方式与人进行交互，回答之智能、流畅令人意外。据媒体报道，ChatGPT不仅能在短短几秒内响应人们的问题，还通过了美国部分高校的法律、医学考试，以及谷歌18......,人工智能; 强化学习; 语言模型; 多模态; ChatGPT;
关于印刷行业它的回答是……,牟艺,中国新闻出版广电报,2023-02-22,报纸,0,43,人工智能实验室OpenAI开发的聊天机器人ChatGPT火爆网络，如此受追捧，究竟有多么神奇？近日，《中国新闻出版广电报》记者与ChatGPT“过招”，跟它聊了聊关于印刷行业的几个问题。记者发现，ChatGPT整合能力着实“强悍”，但深层次思考尚不具备。 接触ChatGPT，记者的第一印......,印刷行业;
全球金融数字化转型加速,莫莉,金融时报,2023-02-22,报纸,0,196,伴随着科技的飞速发展，人工智能正在越来越多的渗入我们的生活。2月以来，ChatGPT的火热度在全球持续发酵；这款应用软件由微软投资的OpenAI于2022年11月推出，其在短短两个月内增加到约1亿用户。2月10日，微软创始人比尔·盖茨评价ChatGPT的历史意义重大，甚至不亚于个人电脑......,人工智能技术; 客户数据; 财富管理; 数字化转型; 语义识别; GPT;
是喜还是忧？媒体眼中的ChatGPT,张博,中国新闻出版广电报,2023-02-21,报纸,0,558,美国人工智能公司OpenAI的大语言模型ChatGPT凭借出色的聊天能力风靡全球，频频登上热搜。这其中不乏对ChatGPT能力和准确性的惊叹，也有对ChatGPT发展所带来的担忧。面对这个处于全球风口浪尖、掀起技术狂潮的“网红明星”，各媒体也从不同角度进行了观察，讲述自己的思考。,人工智能技术; ChatGPT; 《科技日报》; 自然语言处理; 《经济日报》; 语言模型;
马斯克指责ChatGPT“违背初心” OpenAI为何不开源,钱童心,第一财经日报,2023-02-21,报纸,0,221,ChatGPT自问世以来，用户数量已经达到上亿级别，背后隐藏着巨大的商业潜力。不过这也引发了业内对于ChatGPT迟迟不开源的争论。 OpenAI公司的创始人马斯克近日在社交媒体Twitter上接连指责OpenAI违背了创立时的“初心”。 OpenAI不Open OpenAI公司是马斯克和投资人Sam Altm......,ChatGPT; 第一财经; 开源软件; 源代码; 人工智能; Twitter; OpenAI;
ChatGPT来了，他们这样看,张博,中国新闻出版广电报,2023-02-21,报纸,0,317,主持人：中国新闻出版广电网编辑 刘子靖 对谈嘉宾：天津大学新媒体与传播学院院长 陆小华 中国新闻出版研究院原副院长 张立 中国科学院自动化研究所人工智能伦理与治理中心主任 曾毅 输入问题，得到回答。人类与机器的对话并不是什么新鲜形式，但随着和市面上现有的语音......,新闻出版工作者; ChatGPT; 人工智能; 新闻出版行业; 人工标注; 人类智能; 新闻出版业; 智能生成;
ChatGPT爆火 伦理安全拷问现行治理体系,贾骥业; 王林,中国青年报,2023-02-21,报纸,0,675,必须注意人工智能的伦理问题，尤其是因数据偏见而产生算法偏见。“如果ChatGPT产生并发表一些虚拟的文本信息，这可能会对未成年人或者是不具有判断能力的人产生影响，如老人或小孩。”就像教小孩，如果教的都是错的，小孩就会认为错的知识是对的。 “我能不能说，很开心遇到......,人工智能; 治理体系; ChatGPT;
A股电信运营商股价集体走强 ChatGPT想象空间或重塑三巨头估值体系,李乔宇; 张晓玉,证券日报,2023-02-21,报纸,0,78,“面对ChatGPT掀起的AIGC应用推广热潮，中国联通正在推进相关部署。”2月20日，中国联通方面相关负责人在接听《证券日报》记者以投资者名义来电时表示。 此前，中国电信方面相关负责人亦在接受采访时表示，中国电信积极关注“产业版ChatGPT”并已具备相关技术研发基础。 2......,估值体系; 电信运营商; ChatGPT; 想象空间;
ChatGPT新观察：抑制泡沫，耐住性子,郭宇靖; 吉宁; 张漫子,新华每日电讯,2023-02-21,报纸,1,151,推出2个月即拥有1亿月活用户，ChatGPT成为历史上增长最快的消费者应用程序。该如何理解这一现象级应用的“爆红”？目前新技术发展还面临哪些挑战？人工智能将如何引领全球出现新的产业变革？在火热的新技术带来巨变的同时，也需要一场静下心来的冷思考。 距成熟仍任重道远......,语言模型; ChatGPT; 人工智能技术; 技术范式; 机器人;
国内首个类ChatGPT模型MOSS发布,俞陶然,解放日报,2023-02-21,报纸,0,239,ChatGPT发布以来，基于指令学习技术的类ChatGPT模型在我国能否开发成功，成为业界关注的一个焦点。昨天，记者从复旦大学自然语言处理实验室获悉，国内第一个对话式大型语言模型MOSS已由邱锡鹏教授团队发布至公开平台（https://moss.fastnlp.top/），邀公众参与内测。 MOSS可......,对话能力; ChatGPT; 语言模型;
ChatGPT背后的知识产权风险,李若一; 王林; 贾骥业,中国青年报,2023-02-21,报纸,0,1519,自从去年11月由OpenAI公司推出的聊天机器人ChatGPT面世以来，在人们惊叹于其信息搜索和文本生成能力的同时，关于其背后知识产权的质疑声也随之而来。 国际知名语言学家乔姆斯基此前曾公开发声表示，ChatGPT是一个高科技剽窃系统，从海量数据中发现规律，并依照规则将数据串......,文本数据挖掘; 文字作品; ChatGPT; 人工智能软件; 学术论文; 知识产权风险; 著作权法;
ChatGPT火爆 人机交互难点在哪里？,程雅,每日经济新闻,2023-02-21,报纸,0,593,2月16日~17日，元宇宙产业大会2023春季会在昆山国际会展中心召开，国内外院士专家、元宇宙头部企业代表等重量级嘉宾齐聚一堂，碰撞思想火花、启迪灵感智慧。 2月17日上午，在当下ChatGPT火爆的背景下，围绕“区块链、人机交互”这一主题，多位企业家、高校人机交互的实验室......,人机交互; ChatGPT;
ChatGPT火爆全球的背后,袁凯,小康,2023-02-21,期刊,0,413,<正>技术突破正使得AIGC成为市场热点，科技巨头争相布局。但合规、知识产权等风险也给数字治理带来新的挑战。上线不到一周日活用户破百万，2个月破亿……今年2月初，AI聊天机器人Chat GPT火爆全球，一时间成为现象级消费类AI应用。这也使得继专业生成内容和用户生成内容之后，通过人工智能技术自动或辅助生成内容的AIGC成为资本市场的热词。,无
ChatGPT技术激发企业创新活力 互联网内容行业之春来了？,许洁,证券日报,2023-02-21,报纸,0,204,ChatGPT自发布以来，仅2个月时间，用户量迅速增长至亿级，被业内称为是AI产业史诗级“颠覆性创新”产品。 在众多产业中，人工智能生成内容(AIGC)产业被认为会成为ChatGPT商业化的第一站。此前，百度已宣布将于3月份正式推出旗下类ChatGPT应用“文心一言”，近日已有不少媒体......,互联网内容; 短视频; 数字营销; 产品体验; ChatGPT; 人工智能;
ChatGPT热拉动市场需求 尚航科技闯关深市IPO,范芊芊,每日经济新闻,2023-02-21,报纸,0,73,数字经济时代，数据中心已成为重要的数字基础设施之一，随着近期聊天机器人模型ChatGPT火爆出圈，数据中心的需求也被迅速拉升，这背后的逻辑在于ChatGPT的开发需要依托大模型技术，离不开算力的支撑，而算力基建中，数据中心是关键一环。 近期，一家数据中心运营商正在闯关......,IPO; 服务器托管; 数据中心; 招股书; ChatGPT; 毛利率; 市场需求;
ChatGPT热潮下的元宇宙大会 专家、企业共话实现路径,程雅; 朱成祥,每日经济新闻,2023-02-21,报纸,0,369,2月16日，元宇宙产业大会2023春季会在昆山国际会展中心开幕，国内外院士专家、元宇宙头部企业人员等重量级嘉宾齐聚一堂，碰撞思想火花，启迪灵感智慧。 元宇宙究竟是什么？实现的路径有哪些？中国的元宇宙产业又将如何发展？在16日下午的院士论坛中，众多国内外院士专家阐述......,ChatGPT; 不对称性; 物理世界; 实现路径;
中国计算机行业协会罗军：ChatGPT的出现，将元宇宙实现至少提前了10年,朱鹏,每日经济新闻,2023-02-21,报纸,0,311,当ChatGPT在2023年开始狂飙后，那些不久前还高居顶流位置的“新兴产业”似乎有些黯然失色。 在去年12月之前，元宇宙无疑才是最时髦的科技主大调。随着表现惊人的ChatGPT一炮而红，人们来不及畅想未来的元宇宙，开始担忧眼前的危机。例如，哪些职业会被人工智能取代？数据隐......,张建伟; ChatGPT; 中国计算机行业协会;
立法促进人工智能快速健康发展,赵晨熙,法治日报,2023-02-21,报纸,0,274,智能聊天机器人ChatGPT“惹祸”了。 近日，一则关于浙江省杭州市3月1日起取消限行的“新闻稿”引发广泛传播，但随后被曝出是某小区业主在“测试”ChatGPT写稿能力时搞出的乌龙事件，目前警方已介入调查。 ChatGPT是近期热门话题之一，作为一款人工智能语言模型，它不仅能和......,人工智能; 个人信息保护法; 著作权法;
版权和新闻伦理问题备受关注,齐雅文,中国新闻出版广电报,2023-02-21,报纸,0,261,ChatGPT问世，随之产生的一些新闻出版领域伦理问题也会更加突出，例如新闻的真实性、虚假新闻传播风险、版权归属等。2月15日，在中国新闻出版传媒集团主办的《高低音会客厅》访谈节目中，天津大学新媒体与传播学院院长陆小华、中国新闻出版研究院原副院长张立和中国科学院自......,新闻出版领域; 从业者; 伦理问题; 人工智能技术; 新闻出版行业; 机器人; 新闻伦理; 内容创作;
ChatGPT的运行模式、关键技术及未来图景,朱光辉; 王喜文,新疆师范大学学报(哲学社会科学版),2023-02-20 14:25,期刊,1,7524,美国人工智能实验室OpenAI开发的人工智能聊天机器人应用ChatGPT引发广泛热议，被认为是继互联网、智能手机之后，带给人类的第三次革命性产品。互联网开辟了“空间革命”，智能手机的出现带来“时间革命”，ChatGPT的横空出世有望形成“思维革命”，通过替代人类进行创作、创意、解答、咨询、翻译和客服等改变人类思考和处理问题的方式方法，由此重塑各行业生态乃至整个世界。,ChatGPT; 运行模式; 关键技术; 未来图景;
美国DISA将ChatGPT等生成式人工智能列入技术观察清单,曾颖,互联网天地,2023-02-20,期刊,0,152,<正>美国“DefenseNews”网站2023年1月28日消息，美国国防信息系统局（DISA）将ChatGPT等生成式人工智能列入技术观察清单。该清单定期更新，曾被列入该清单的5G、零信任数字防御、抗量子密码、边缘计算和远程呈现等后来都成为了美国国防连接和安全的支柱。美国人工智能研究公司OpenAI 2022年推出的聊天机器人ChatGPT引起了美国国防官员的注意，该应用可以生成类似人类的对话和内容，包括超现实艺术和计算机代码。DISA首席技术官斯蒂芬·华莱士称，支撑ChatGPT的技术生成式人工智能最近被DISA列入了观察名单。DISA开始研究生成式人工智能如何真正改变DISA在国防部的使命，以及DISA下一步应该如何支撑国防部。近年来，美国军方将人工智能及相关技术作为提升战场分析能力和预测维护需求的手段，投入越来越多。国防部在人工智能方面的公共支出从2016年的6亿多美元激增至2021年的25亿美元（约合人民币169.6亿元）。,无
ChatGPT时代的中国外语教育：求变与应变,胡加圣; 戚亚娟,外语电化教学,2023-02-20,期刊,0,2255,美国人工智能实验室OpenAI于2022年末推出一款智能聊天工具ChatGPT。其强大的互动能力标志着信息社会进入了划时代的人机交互期，成为人工智能历史上里程碑式的产品。鉴于该平台对全球知识界和教育界引发的“狂飙式”影响，我们不得不直接面对，甚或没有理由不对其进行认真审慎的思考，研究并探讨ChatGPT智能机器人对中国外语教育政策带来的挑战和冲击：ChatGPT是什么，它将带来哪些挑战和机遇?中国外语教育的态度是什么?将如何求变?如何应变?,ChatGPT; AI语言模型; 语言智能; 外语教育; 求变与应变;
中国版ChatGPT“报名费5000万美元起” 谁能抢到“入场券”？,曲忠芳; 李正豪,中国经营报,2023-02-20,报纸,0,99,由OpenAI推出的通用型对话机器人ChatGPT持续引发全球范围的“AI狂欢”。一时之间，资本圈、产业界、创业者等无不趋之若鹜，试图抓住新一轮人工智能的重大产业机遇，国内大小企业同样不想错过。 截至2月15日，百度、腾讯、科大讯飞、阿里巴巴、京东、360、网易有道、寺库、万......,ChatGPT; GPT; 科大讯飞; 报名费;
ChatGPT会拖中国汽车后腿吗,温莎,经营者(汽车商业评论),2023-02-20,特色期刊,0,11,"<正>它对智能汽车的发展一定是革命性的自2022年11月推出以来,美国公司OpenAI开发的聊天机器人ChatGPT已经风靡世界。它能够通过学习和理解人类的语言来进行对话,还能根据聊天的上下文进行互动,真正像人类一样来聊天交流。其最擅长的部分还有写论文、写代码和考试,像是一个无所不能的学霸:",无
ChatGPT可能改变科技公司分工模式,吴巍,上海国资,2023-02-20,期刊,0,51,<正>随之带来了对传统秩序或认知的挑战近期，ChatGPT成为全世界最被热议的话题之一。ChatGPT是Open AI公司发布的一款AI对话机器人，发布短短五天内已积累用户过百万，迅速冲上流量高峰，并且收获了无数好评。ChatGPT的爆红以及其出色的应用效果，也引发了产业界和学术界对它的关注。现在的科技公司都是在自己的应用领域做各自的模型，但是ChatGPT的出现可能会改变这种模式。未来可能形成少数几家公司开发运营“大模型”底层基础设施，其他公司依托开发商业应用，实现所谓的产业分工，更具标准化和规模化。,无
ChatGPT的应用：从日常生活到专业领域,姚晓丹,中国社会科学报,2023-02-20,报纸,0,372,本报综合外媒报道 自面世以来，ChatGPT备受全世界关注。以ChatGPT为代表的新一代人工智能技术本身具备哪些特色、应用现状如何？本报记者编译整理了相关信息。 据路透社报道，2023年1月，平均每天有约1300万名独立访客使用ChatGPT，是2022年12月的2倍多。也就是说，ChatGPT在......,人工智能; 帕迪拉; ChatGPT; 日常生活;
“类ChatGPT”不只是一场科技赛跑,朱炜琳,四川日报,2023-02-20,报纸,0,141,近日，微软发布由加强版ChatGPT提供支持的全新搜索引擎和浏览器，百度、华为、京东等国内大厂也相继透露布局信息，ChatGPT的热度可谓一波未平一波又起。但大家在期待中国版“类ChatGPT”的同时恍然发现——似乎所有的入局者都在被ChatGPT“牵着鼻子走”。 ChatGPT发布伊始便......,智能产品; 互联网产业; ChatGPT;
“中国式”ChatGPT来了吗？,胡媛,通信产业报,2023-02-20,报纸,0,93,"2023年的春天,在ChatGPT的带动下,必将掀起新一轮的AIGC高潮。 ChatGPT的成功再次提醒我们,人工智能的发展需要在基础研究和技术研发方面不懈坚持。未来,以ChatGPT为代表的AIGC技术应用,将形成“智能底座+服务”的商业模式。AIGC技术应用还将进一步发挥在数据、算力和算法上构......",机器人; 人工智能; ChatGPT; 中国式; 通信行业; 科大讯飞; NLP; 智能应用; 白皮书; 阿里巴巴;
ChatGPT：先进的自然语言处理工具,练志闲,中国社会科学报,2023-02-20,报纸,0,648,本报综合外媒报道 自2022年11月推出以来，人工智能聊天机器人ChatGPT展示了人工智能的巨大潜力。 美国马萨诸塞大学阿默斯特分校学习技术副教授托里·特拉斯特（Torrey Trust）认为，ChatGPT是迄今为止最先进的自然语言处理工具之一，它的用户设计界面简单，人们只需要注册登......,自然语言处理; ChatGPT; 语言模型;
ChatGPT大火下的冷思考,姜奇平,互联网周刊,2023-02-20,期刊,1,1706,<正>ChatGPT是由人工智能研究实验室OpenAI在2022年11月30日发布的全新聊天机器人模型，是一款人工智能技术驱动的自然语言处理工具。它能够通过学习和理解人类的语言来进行对话，还能根据聊天的上下文进行互动，像人类一样聊天交流，甚至能完成撰写邮件、视频脚本、文案、翻译、代码等任务。它从零发展到100万用户的速度，是目前的世界第一，超过第二（iPhone）很多。,无
2月以来股价涨近六成 浪潮信息蹭上ChatGPT概念遭关注,彭斐,每日经济新闻,2023-02-20,报纸,0,61,火爆的ChatGPT，仿佛开启了第四次工业革命，让微软、谷歌等巨头打得昏天黑地，也让A股一些概念股遭热炒，浪潮信息（SZ000977，股价38.00元，市值556.21亿元）就是其中之一。 2月16日，浪潮信息发布股票异常波动公告称，公司股票连续三个交易日内（2月13日、2月14日、2月15日......,ChatGPT; 股价异动;
ChatGPT改变人类知识生产方式,王俊美,中国社会科学报,2023-02-20,报纸,0,364,ChatGPT由美国人工智能研究公司OpenAI开发，一经推出便受到全球广泛关注，并引发广泛的思考与讨论。ChatGPT是一种大型语言模型LLM），能够在数据基础上进行自主学习，并智能生成复杂的文字。然而，目前ChatGPT和其他大型语言模型还无法确保生成文本的准确性，甚至可能扭曲科......,人工智能技术; 语言模型; 数据集; 机器学习; ChatGPT; 知识生产方式;
ChatGPT“火出圈” 我们该“急眼”吗？,姜凝,天津日报,2023-02-20,报纸,0,258,能写论文、做翻译、编程序、出方案甚至代写情书、辞职信……最近，ChatGPT迅速火爆全网。它是美国人工智能研究实验室OpenAI开发的一种全新聊天机器人模型，能通过学习和理解人类的语言来进行对话，还能根据聊天的上下文进行互动，并协助人类完成一系列任务。去年11月底诞生，......,人工智能技术; 南开大学; 提升模型; 刘晓光; 负面影响; 可解释性; 学术论文; 对齐技术; 期刊编辑; 天津师范大学; 生成技术; ChatGPT;
ChatGPT爆火 科技品牌纷纷宣布入场,黄博文,每日经济新闻,2023-02-20,报纸,0,120,近期，ChatGPT着实火爆，AIGC（AI Generated Content，指利用人工智能技术来生成内容）概念也成为一个热词。众多品牌尤其是科技品牌，都争先恐后宣布入场。 如谷歌（GOOG）推出AI聊天机器人项目Bard、京东（HK09618，股价210.600港元，市值6594亿港元）推出“产业版ChatGPT......,科技品牌; 杨元庆; 联想集团; ChatGPT;
虚拟人能否靠ChatGPT迎来巨大突破？,董静怡,21世纪经济报道,2023-02-20,报纸,0,328,需要肯定ChatGPT的优秀，却不能神化它对AI产业的影响。 ChatGPT的热度仍在，人们的关注点已从它本身转移，开始关注它能带来哪些产业的突破性进展。虚拟人就是其中之一。 这是一个随着元宇宙概念火热而兴起的产业。《虚拟数字人深度产业报告》预计，到2030年我国虚拟数字人......,虚拟人; 数字人; 多模态; 自然语言处理; ChatGPT;
对话复旦管院张诚:ChatGPT是一场AI脱口秀,陈白,经济观察报,2023-02-20,报纸,0,94,"在OpenAI公司2022年末推出ChatGPT之时,谁也不会想到,大洋彼岸这家人工智能创业公司的一款新应用,会在2023年初忽然激起如此大的浪花。 过去一周,几乎每个人都在谈论ChatGPT,但在复旦大学管理学院教授张诚看来,“ChatGPT的出圈更多是偶然的。目前来看,ChatGPT并不意味着人工智......",人工智能技术; 生成式; GPT; 人工智能领域; 脱口秀; ChatGPT;
人工智能五大维度能力的提高,张欢,中国信息化周报,2023-02-20,报纸,0,63,"近期,聊天机器人ChatGPT火爆全球,引起了全社会的广泛关注。为什么ChatGPT引发了全球学术界和产业界的热议和关注呢?在科大讯飞副总裁、研究院执行院长刘聪看来,ChatGPT本质上是一个由浮点数参数表示的深度神经网络大模型,属于深度学习框架。 ChatGPT的推出是深度学习提出后又......",人工智能; 自然语言处理;
ChatGPT打响人工智能竞赛 广东瞄准智能新兴产业持续发力,陈靖斌,中国经营报,2023-02-20,报纸,0,104,近日，由美国人工智能实验室OpenAI制作的对话式大型语言模型ChatGPT吸引了全球目光，仅发布两个月，其月活用户已经突破了1亿，成为史上用户增长速度最快的消费级应用程序。 在算法层面，ChatGPT的技术底座是大型语言模型。GPT属于自然语言处理NLP的范畴，本质上仍是以深度学......,人工智能; 广东省; 产业集群; ChatGPT;
ChatGPT与我们的未来,车海刚,中国发展观察,2023-02-20,期刊,0,0,<正>撰写这篇卷首语的方式及路径，跟人工智能（AI）的“工作流程”大致相同：阅读大量资料并消化吸收，用逻辑和观点组织语言，“输出”成为文本。但是显而易见，ChatGPT掌握的语料库和“出手”速度远超过我，这就难免引发思量：假如让ChatGPT来写同题文章，它会写成什么样？我的工作岗位会被ChatGPT替代吗？,无
ChatGPT来了 教育如何应对,匡丽娜;云钰,重庆日报,2023-02-19,报纸,0,1327,教育如何应对ChatGPT等信息技术带来的挑战？未来人才的竞争力体现在哪些方面？如何培养具有自主创新能力的高层次国际化人才？ 2月14日至17日，推进“双新”实施协同提质研讨会在重庆一中举行。市内外专家采取线上＋线下的方式，围绕“教育改革发展新趋势、新要求，推动教育......,ChatGPT; 国际化人才; 如何应对; 自主创新能力; 竞争力;
首倡第二大脑，打造个人专有ChatGPT,黄楚旋; 钟晴,南方日报,2023-02-19,报纸,0,27,ChatGPT概念风靡全球，人工智能未来发展趋势如何，引起越来越广泛的关注。正逢其时，著名大数据专家、科普作家家涂子沛推出新作《第二大脑》，在国内首次提出建设“第二大脑”这一理念，倡导通过一种崭新的脑机协作信息整理方法，成为人工智能时代的“智能增强人”。 最近，......,人工智能; ChatGPT;
ChatGPT的突破与风险,李崎瑜,湘声报,2023-02-18,报纸,0,254,"2022年12月1日,研发ChatGPT的OpenAI公司首席执行官山姆·阿尔特曼在推特上写道:“今天我们推出了ChatGPT,尝试在这里与它交谈。”他还附上一个链接,任何人都可以点开它,注册一个帐户,然后开始免费与这个新的聊天机器人ChatG-PT交谈。 上线不到3个月,ChatGPT的用户已经突破了1......",人工智能; GPT; 聊天机器人; ChatGPT;
当ChatGPT撞上教育,李崎瑜,湘声报,2023-02-18,报纸,0,571,"ChatGPT的火爆,再度引起了人们对于“人工智能将会颠覆哪些行业”的讨论。 随着在校学生用ChatGPT写作业和论文的情况越来越多,有人认为这是一种“高科技剽窃”和“避免学习的方式”,也有人认为传统教育将被彻底颠覆,部分教育界和学术界人士提出要封杀ChatGPT。 ChatGPT等人......",GPT; 人工智能技术; 引导学生; ChatGPT;
ChatGPT引热潮 距离落地银行业务场景有多远,张莫,经济参考报,2023-02-17,报纸,0,123,人工智能研究公司OpenAI推出的ChatGPT掀起热潮。近日，百度宣布类ChatGPT项目——文心一言（ERNIE Bot）计划于3月份完成内测，面向公众开放。而百信银行和邮储银行本周也接连宣布接入百度文心一言，成为国内首批加入该生态系统的银行。同时，有银行表示正在积极思考如何将这......,机器人; ChatGPT;
学者聚焦ChatGPT带来的新课题,段丹洁,中国社会科学报,2023-02-17,报纸,0,486,可以天马行空地吟诗作赋，可以幽默风趣地聊天唠嗑，可以敲代码、写论文、谱曲、作画……日前，处于人工智能风暴眼的ChatGPT频频登上热搜，其寻找答案、解决问题的效率已部分超越了如今的搜索引擎，在未来或将极大改变我们获取新闻与信息的方式。从自然语言模型的角度出发，Ch......,人工智能技术; 新闻传播学院; ChatGPT; 自然语言处理; 人机交往; 传播学; 推荐算法; 新课题;
ChatGPT进入法治研究视野,韩永军,人民邮电,2023-02-17,报纸,0,432,2022年11月底，人工智能对话聊天机器人ChatGPT推出，迅速在社交媒体上走红，短短5天，注册用户数就超过100万。2023年1月末，ChatGPT的月活用户已突破1亿，成为史上增长最快的消费者应用。目前，ChatGPT在我国火爆全网，在迅速成为人们热议的话题后，也引来法学界关注的目光。,人工智能技术; 语言模型; ChatGPT; 著作权法; 研究视野;
元宇宙产业大会热议ChatGPT：将助力元宇宙建设,王墨璞嘉; 罗茂林,上海证券报,2023-02-17,报纸,0,723,2月15日至17日，元宇宙产业大会2023春季会在昆山举行。多位院士和专家剖析元宇宙的内核，并就当下火爆的ChatGPT与元宇宙的关系展开深入讨论。多位专家表示，元宇宙整合了多种先进技术，AIGC（人工智能生成内容）和ChatGPT将助力元宇宙建设。 深挖元宇宙内核 在经历两年多的......,ChatGPT; 人工智能技术; 区块链;
透视“风口”，把脉ChatGPT,王若辰,新华每日电讯,2023-02-17,报纸,0,81,最近，许多人都多了一位“网友”——ChatGPT。 它是一个聊天机器人，由美国人工智能公司OpenAI推出，从2022年12月1日正式发布至今，月活跃用户已达1亿，成为历史上增长最快的消费者应用程序。 说是聊天机器人，它可不只能“唠嗑”。大数据、大算力、强算法赋予了它“超级大......,人工智能; ChatGPT; 自然语言处理; 学习算法; 语言模型;
ChatGPT“横扫”校园缘何遭封杀,刘胤衡,中国青年报,2023-02-17,报纸,0,811,ChatGPT进入校园的速度，超乎许多人的想象。 “满绩点!全班第一!开心!” 2023年1月，正在上大二的李凌，凭借一篇1200多字的课程论文，成功在《新媒体与广告》这门课取得90多分的好成绩。在他们学校，这相当于绩点满分。 不过，这篇论文的好成绩，要归功于ChatGPT。 ChatG......,人工智能; ChatGPT;
ChatGPT在“狂飙”，年轻人小心这些“坑”,先藕洁; 刘胤衡,中国青年报,2023-02-17,报纸,0,444,美国人工智能研究实验室OpenAI推出的大型预训练人工智能语言模型ChatGPT，正成为很多年轻人关注和热议的焦点。近日，中青报·中青网记者街采多名年轻人，了解他们对ChatGPT的看法。不少人惊叹ChatGPT回答问题的高效，也有人直言ChatGPT回复的内容“仅是机械组合，充满套路”......,人工智能技术; ChatGPT; “熊猫烧香”病毒; 智力创作; 张洪波; 著作权; 年轻人;
监管出手降温 ChatGPT概念股回踩开始了,张苑柯,第一财经日报,2023-02-17,报纸,0,30,ChatGPT的热度在全球快速上升，以“野火燎原”之势蔓延至A股。 受此影响，与ChatGPT相关的计算机设备、互联网服务、信息安全等多个板块逆市上涨，数家公司因沾了概念而强势上涨，甚至接连涨停，在龙虎榜中频繁现身。 这些上涨的热点公司中，有多少真的是ChatGPT概念的“持......,概念股; ChatGPT; 证券营业部;
ChatGPT所需芯片国内厂商能否分得一杯羹？,骆轶琪,21世纪经济报道,2023-02-17,报纸,0,116,火热的ChatGPT再度引发AI市场热情。这背后除了对各类型大模型的构建外，备受关注则是背后训练、计算所需要的底层技术能力支持。 作为一个收录了庞大信息量和训练量的模型产品，ChatGPT对大规模并行计算必然有较高要求，这也是英伟达由此率先受益、股价应声而涨的原因所在，......,产业链; GPU; CPU; ChatGPT;
ChatGPT或掀创业潮？AI人才薪资再攀高峰,李强,21世纪经济报道,2023-02-17,报纸,0,182,近日，原美团联合创始人王慧文在社交平台官宣“带资进组”入局AI领域，称将打造中国的OpenAI，在业界引发热议。 2月14日，脉脉创始人兼CEO林凡透露，目前与AIGC相关的岗位涌现，科技巨头、头部猎企纷纷下场抢人，甚至开出10万月薪挖人。他预计，“AIGC创业热潮要来了。”......,创业潮; ChatGPT; 攀高峰;
这些“ChatGPT综合征”，你也有吗？,贾天荣,IT时报,2023-02-17,报纸,0,66,"“这个英文我这两天老是看到,这是个啥?”身在老家的大伯给互联网打工人马勇发了条消息,随后附上了一条抖音视频标题:“ChatGPT颠覆谷歌,即将见证历史!”这时马勇突然意识到,ChatGPT,这个2023年互联网行业最热的概念,已经从一线城市的写字楼席卷到农村老家的饭桌上。 作为一个......",人工智能; 自然语言处理; 聊天机器人; 综合征; ChatGPT;
AI绕不过的坎儿:先自动驾驶，后ChatGPT,王昕,IT时报,2023-02-17,报纸,0,65,"时代需要英雄,时代造就英雄。2023年初,ChatGPT就是那个天选之子,它是硅谷的英雄,是科技产业的英雄,更是资本市场的英雄。 ChatGPT是“里程碑”,它“前无古人后无来者”,它将“推动产业和社会深度变革”……在一连串溢美之词的夹道欢迎中,ChatGPT锦衣白马疾驰而来。 ChatGPT......",自动驾驶; 搜索结果; ChatGPT;
“我可以取代你”,杜肖锦,中国银行保险报,2023-02-17,报纸,0,102,ChatGPT的火热已不需多说。从对话交流到回答科研问题、写作研报、生产代码、续写小说……这个基于自然语言处理（NLP）的聊天机器人已经打开了人工智能应用的想象空间。在金融界，ChatGPT呈现出的灵活专业以及高度的结论输出能力令人侧目，同时也引发了对部分金融岗位替代性的......,金融理财师; 人工智能; GPT; 投资风险; 银行理财; 投资组合;
连续两个涨停后昨跌停 通宇通讯2月来涨近50%,陈鹏丽,每日经济新闻,2023-02-17,报纸,0,9,2月15日，通宇通讯（SZ002792，股价16.12元，市值64.81亿元）的股价再次开盘涨停，这已是该公司连续两个交易日涨停。当日开盘后不久，深圳证券交易所（以下简称深交所）即向通宇通讯发出关注函。 2月16日，截至收盘，通宇通讯的股价为16.12元/股，跌9.99%。 《每日经济新闻......,深交所; 大宗交易;
ChatGPT概念成最强主线 充电桩板块持续活跃,李雨琪,上海证券报,2023-02-16,报纸,0,72,昨日沪深两市震荡调整，创业板指领跌。截至收盘，上证综指报3280.49点，跌0.39%；深证成指报12064.38点，跌0.25%；创业板指报2547.20点，跌0.70%。两市全天成交额为9373亿元，较上个交易日放量233亿元。北向资金净流出18.64亿元，其中沪股通净卖出18.59亿元、深股通净卖出0.0......,ChatGPT; 充电桩;
国产类ChatGPT技术将让新疆受益良多,王永飞; 冉虎,新疆日报(汉),2023-02-16,报纸,0,171,犹如一石激起千层浪，ChatGPT发布后，在网络空间掀起轩然大波。横空出世、技术革命、风暴眼……从这些描绘ChatGPT的字眼可以看出，人们对它的期待之殷切。 ChatGPT到底是什么？又能给新疆带来什么？ 三大优势铸就强大功能 “其实，就是一种更智能的崭新‘聊天机器人’网络......,人工智能技术; ChatGPT; 数字人;
从下游应用“火”到了上游芯片 ChatGPT利好国内哪些厂商？,李娜; 樊雪寒,第一财经日报,2023-02-16,报纸,0,63,因库存陷入低迷周期的半导体市场近日因ChatGPT的火热而重新受到外界关注。 由于ChatGPT属于生成式AI，被誉为“AI芯片第一股”的英伟达应声而涨。 2月14日收盘，英伟达最新股价已达到229.71美元，较今年1月3日的143.15美元上涨60%。英伟达创始人兼CEO黄仁勋在一场演讲中甚至......,ChatGPT;
ChatGPT席卷全球 人工智能面临“伦理转向”,赵安琪,中国青年报,2023-02-16,报纸,0,1363,近来，人工智能聊天机器人程序ChatGPT（全名：Chat Generative Pre-trained Transformer）席卷全球，完成了人工智能第一次大规模的自传播。据瑞士银行集团分析师团队发布的报告，自去年11月底发布以来，ChatGPT上线仅5天注册用户数就突破100万，今年2月的月活跃用户已经突破......,人工智能; ChatGPT; 人工智能领域; 伦理转向;
ChatGPT爆火，带来哪些版权问题？,赵新乐; 朱丽娜,中国新闻出版广电报,2023-02-16,报纸,0,833,如果要问最近朋友圈爆火的话题，ChatGPT上榜毫无悬念。 这个美国OpenAI公司旗下的人工智能聊天机器人，凭借高效、快速、智慧的内容创作能力，被各界广泛关注。一时间，关于ChatGPT的各种声音不绝于耳。其中，相关版权问题的讨论也成为绕不开的话题。 事实上，人工智能生成......,版权问题; 人工智能; 邻接权; ChatGPT; 知识产权制度; 生成物; 文字作品; 著作权法; 《著作权法》;
ChatGPT“入侵”司法领域 法官律师将被取代？,赵文; 夏菲妮; 周靖,四川法治报,2023-02-16,报纸,0,448,既能写诗撰文，又能谱曲编代码，AI机器人聊天程序ChatGPT火了!发布仅仅2个月，ChatGPT月活跃用户已达1亿，这是历史上用户增长速度最快的应用程序。ChatGPT的问世掀起了新一轮人工智能浪潮，也正在快速渗透各个行业，并且改变原有的运行逻辑。 在司法实践领域，ChatGPT也备受......,机器人; ChatGPT;
ChatGPT翻开了硬币的哪一面？,吴双,人民邮电,2023-02-16,报纸,0,202,微软发布“ChatGPT版必应”（人工智能增强型搜索引擎），市值飙涨超800亿美元；谷歌紧急推出对话式AI服务Bard，演示“翻车”导致市值蒸发千亿美元；百度官宣将发布类ChatGPT项目“文心一言”（ERNIE Bot）……ChatGPT近期持续霸榜科技论坛热搜，2023 开年的人工智能赛道激战......,智能生成; 强化学习; 科技伦理; 生成式; 人工智能技术; 人工智能领域; ChatGPT;
ChatGPT引发的人工智能内容生产传播风险,韩博,中国社会科学报,2023-02-16,报纸,0,935,2022年12月初，美国人工智能实验室（OpenAI）发布了一款名为ChatGPT的自然语言处理工具。ChatGPT一经问世就迅速引发关注，它能“接住”网友提出的一系列“刁钻问题”，比如可以用英文写检讨、生成特定领域的论文等，是目前为止较为接近人类水平的对话机器人。作为以AI语言自......,人工智能; 虚假信息; 自然语言处理; 自然语言生成; 传播风险; 语言模型; 信息欺诈; 处置机制; ChatGPT; 人工智能语言;
“顶流”之下，看人工智能喜与忧,张佳欣;刘园园;陈曦;何屹;房琳琳,科技日报,2023-02-16,报纸,0,361,去年11月，美国人工智能研究公司OpenAI发布了一款名为ChatGPT的聊天机器人，其在推出后的几周内就风靡全球，甚至引发了一场新的全球人工智能竞赛。 社交媒体推特首席执行官埃隆·马斯克在使用ChatGPT后直呼其“好得吓人”，甚至断言“人工智能越发强大，离对人类产生威胁不......,人工智能; GPT; 阿尔法; 自然语言处理; 人工智能领域;
中企全球化能适应开放式创新的新时代吗？,张凡,中国贸易报,2023-02-16,报纸,0,48,在漫漫人类科技史中，总有一些事物有意或无意地站上浪潮之巅，改变着人类生活的方方面面，蒸汽机、火车、电子计算机、互联网皆是如此，当下十分火爆的ChatGPT亦是如此。连比尔·盖茨都感到十分兴奋，他认为ChatGPT的发展与互联网的发明一样重要。用时仅短短两个月，ChatGPT就......,开放式创新; 人工智能技术; 全球化; 科大讯飞; 企业家; 工业机器人; GPT; 应用层; 服务机器人;
海天瑞声开年来涨超200% 去年增收不增利,可杨,每日经济新闻,2023-02-16,报纸,0,33,随着ChatGPT概念股回落，兔年来股价翻番的海天瑞声（SH688787，股价244.80元，市值104.77亿元）2月14日同样盘中一度转跌。不过，2月15日，其股价上涨20.00%。 海天瑞声是一家AI训练数据提供商，随着开年来ChatGPT概念火热，该公司的股价也随之走高，近一个月内已三度发布股......,训练数据; 每日经济新闻; 业绩预告; 净利润; 营业收入; 股票交易; 概念股;
准社会交往视角下ChatGPT人机关系建构与应对思考,张洪忠; 张尔坤; 狄心悦; 王启臻,社会治理,2023-02-15,期刊,0,150,ChatGPT的“出圈”引起了社会各界的广泛关注。本文从准社会交往关系视野切入，认为ChatGPT带来了一种准社会交往的新模式。具体而言，本文分析了准社会交往关系中ChatGPT的工具与聊天两大联结性功能，并从吸引、强化互动和场景塑造三个步骤深入探讨了人与ChatGPT准社会交往关系的建构过程。在此基础上，本文还进一步提出了四个人机准社会交往关系新问题：茧房效应是否会日趋严重、新“乌合之众”是否会产生、机器信任是否会超越人际信任、技术依赖是否会带来反噬危机。最后针对新问题，从理念和规制两个层面提出了应对思考。,准社会交往关系; ChatGPT; 社会功能; 人机关系; 规制;
ChatGPT会带来什么？,吕扬,陕西日报,2023-02-15,报纸,0,1160,近日，ChatGPT火遍全网。网上真真假假的各种测试、各种评论分析让人眼花缭乱。ChatGPT到底是什么？又能给人们带来什么？2月11日，记者采访了西安电子科技大学人工智能学院副院长、博士生导师、教授董伟生。董伟生教授主要从事图像视频处理、深度学习、模式识别与计算机视觉方......,人工智能; 聊天机器人; ChatGPT; 训练数据; 超大规模; 图像内容; 文字内容;
对话ChatGPT：物业服务会被替代吗？,无,中国物业管理,2023-02-15,期刊,0,143,<正>物业人如何与AI共事？物业服务会被AI替代吗？近段时间，由OpenAI公司开发的人工智能聊天机器人ChatGPT火遍全网，表现出了极为逆天的智能水平，对于物业管理行业诸多热点问题，ChatGPT会给出怎样的解答？问题1如何与AI共事？ChatGPT AI与人结合的方式是一种技术思想，它倾向于将有限的人力与大量的计算资源相结合，使双方的合作更加高效。未来，人工智能和人类之间将会建立起更多的联系，构成更加协同的系统，实现真正意义上的人机协同。,无
如何看待ChatGPT?,汪建,中国电信业,2023-02-15,期刊,0,6,<正>ChatGPT横空出世，引发行业热议，一时风头无两。如何客观看待这一新生事物？不妨从两个角度入手。ChatGPT能做什么？ChatGPT是一款机器人聊天程序，本质上是人工智能技术驱动的自然语言处理工具，能够根据人的对话给予较高精度的回复。基于此，ChatGPT可以成为人的好帮手，可以帮忙查资料，可以和人互动聊天，甚至能够自己生成原创内容。ChatGPT的背后是算法、算力的发展。有数据显示，ChatGPT所依据的GPT-3算法模型包含1750亿个参数，为有史以来参数最多的神经网络模型，其训练和内容生成与“大算力”的支持密不可分。,无
ChatGPT，银行也“尝鲜”,赵萌,金融时报,2023-02-15,报纸,0,210,近期，两家银行都因前瞻性聊天机器人（ChatGPT）曝光率飙升。 2月6日，招商银行“小招喵的掌上生活”微信公众号发布了一则创意十足的信用卡广告。这则广告是借ChatGPT对“亲情是什么？”的作答，形成的一篇富有温情、文采和有趣体验的营销推文。 正如这篇推文所言，“这是......,人工智能; ChatGPT; 银行业;
ChatGPT，能否搅动宁波数字经济“一池春水”？,金鹭; 殷聪,宁波日报,2023-02-15,报纸,0,106,你和ChatGPT对话了吗？ 在推出约两个月后，美国人工智能公司OpenAI的大语言模型ChatGPT的活跃用户就突破1亿。 多语言撰写充满想象力的诗歌、编写可运行的程序、快速生成论文摘要、自动制作数据表格、纠正文章中的语法和表达错误、把一周大事写成新闻综述……ChatGPT不仅能......,ChatGPT; 数字经济; 人工智能;
金融业试水ChatGPT,苏洁,中国银行保险报,2023-02-15,报纸,0,287,最近招商银行使用AIGC（利用人工智能技术来生成内容）技术发布的品牌稿件——“亲情之于人生的意义”在AI笔下娓娓道来，成为ChatGPT在金融领域的首秀。在聊天过程中，ChatGPT展现了出众的语义理解及信息整合推演能力，让人分不清是真人还是机器人。 近日江苏银行宣布，已尝......,金融行业; 金融业; 强人工智能; ChatGPT;
ChatGPT在金融应用上面临哪些挑战,路虹,国际商报,2023-02-15,报纸,0,372,2023年1月份，ChatGPT的全球月活用户达到1亿，获客速度超过有史以来的所有搜索类和办公类软件，并迅速超过Tiktok、Instagram等当前风靡一时的娱乐性产品。这款由美国人工智能公司OpenAI在2022年底发布的智能聊天机器人产品ChatGPT，因其具有强大的智能对话、信息搜索和文本生......,文本生成技术; ChatGPT; 聊天机器人; 人工智能技术;
互联网巨头加速布局ChatGPT相关领域,陈燕青,深圳商报,2023-02-15,报纸,0,110,【深圳商报讯】（记者 陈燕青）ChatGPT的持续走红成为近期最火爆的社交话题，资本市场也掀起了炒作，相关主题板块和个股纷纷大涨。对此，业内认为，短期相关概念股更多是主题炒作，但从中长期来看，AI芯片、服务器、数据中心、光通信、互联网传媒等行业均蕴含一定的投资机会......,ChatGPT; 产业链; 人工智能;
ChatGPT火了 巨头纷纷加速入局,赵熠如,中国商报,2023-02-15,报纸,0,94,从预报天气到道路规划，从文案策划到送礼清单，ChatGPT以其高效的信息检索能力、精准的语言编纂能力火爆全网。与此同时，微软、谷歌、百度等等搜索引擎巨头纷纷下场，抢先布局AI新赛道。 ChatGPT超强能力受关注 当你还在面临写文章卡壳、欠缺问题解决方案时，ChatGPT已经可......,ChatGPT; 语言模型; 人工智能技术; 刘兴亮; 不容忽视; 聊天机器人;
“火爆”的ChatGPT尚没有“自主心智”,李山,科技日报,2023-02-15,报纸,0,341,近日，围绕热门科技话题ChatGPT，科技日报记者专访了欧洲科学院院士、德国比勒菲尔德大学洪堡人工智能教席教授金耀初。金教授同时兼任英国萨里大学计算系“计算智能”讲席教授、IEEE计算智能学会候任理事长，曾任《IEEE认知与发育系统汇刊》主编等职。 生成式模型的重大进展......,学习模型; 人工智能; 计算智能; ChatGPT; 生成式;
人工智能时代人机关系的变革逻辑——基于ChatGPT应用的学术考察,赵红勋; 郭锦涛; 李孝祥,中国传媒科技,2023-02-15,期刊,0,113,【目的】随着ChatGPT的普适性渗透，人与智能机器（技术）的关系正在发生新的变化。以新一代人工智能ChatGPT为叙述焦点，探讨人机关系的变革逻辑是本文的主要目的。【方法】文章通过案例分析、现象诠释等方法，深度解析ChatGPT的主要特征及其触发的变革逻辑问题。【结果】作为人工智能的“类人化”升级版，ChatGPT引发了人机关系变革，主要经由协作逻辑、互动逻辑、会话逻辑、融合逻辑的嬗变过程进行体现，其中，协作逻辑经历了从“智能辅助”到“全能代理”的变化、互动逻辑从“单项控制”走向“平等对话”、会话逻辑从“机器语言”转向“情感话语”、共生逻辑从“人机融合”迈向“互为延伸”。【结论】在人工智能技术的强力渗透下，人与智能机器的关系已超越了单纯的“使用关系”框架，而是在高度嵌入与深度黏合中被重构，以此形塑出人类的媒介化交往想象。,ChatGPT; 人工智能; 人机关系; 互动; 会话; 共生;
ChatGPT：开启通用型人工智能的数字交往,黄楚新; 陈伊高,中国传媒科技,2023-02-15,期刊,0,18,<正>OpenAI公司的ChatGPT(Chat Generative Pretrained Transformer)在两个月内火速出圈，引发了人们对AIGC（人工智能技术生成内容）的关注与讨论。作为AI产品问世的ChatGPT，已向消费者展现了AI的技术可供性。用户在ChatGPT的人机交互中，感知到了AI技术所产生的质变。1.技术祛魅：遵循概率的大语言模型ChatGPT是Open AI公司研发的一种预训练语言生成模型。该模型以强化学习方式进行训练，在GPT-3的基础之上，,无
从ChatGPT爆火的必然性，揭开背后的AI技术发展现状,徐桢虎,中国传媒科技,2023-02-15,期刊,0,40,【目的】近期ChatGPT成为人工智能领域的一个热门话题，因其出色的语言生成技术而受到广泛关注，能够通过学习和理解人类的语言来进行对话。ChatGPT的横空出世，对谷歌、百度等科技巨头而言很焦虑，但ChatGPT的冲击力不仅止于此。文章旨在探讨它带来了新一轮的AI技术范式革新。【方法】文章从聊天机器人的发展说起，详述其背后的各项AI技术发展情况。【结果】总结ChatGPT在未来存在的机会与挑战。【结论】ChatGPT的热潮带来的是人们对通用人工智能发展的期望。谁的适应能力更强，能快速拥抱这个趋势，就能抓住下一个时代的机会。,ChatGPT; 人工智能; 对话机器人; AI技术;
ChatGPT会给人工智能时代带来一场革命吗？,谭天; 蒲源,中国传媒科技,2023-02-15,期刊,0,37,【目的】ChatGPT在各行业掀起一股浪潮，文章主要研究ChatGPT的出现及应用是否能带来实质性的革命性突破。【方法】本文从ChatGPT的诞生、原理、影响、应用、国产化5个方面展开论述和分析，试图解释这一正在爆发的人工智能变局。【结果】ChatGPT的诞生是人工智能发展的重大突破，尽管目前还要不断优化中，但其对整个行业的影响是深远的，应用场景也会是非常广泛的。【结论】需要重新审视我国AI技术的发展方向，进而推动ChatGPT的国产化。,人工智能; ChatGPT; 对话聊天机器人; 机器学习模型;
北京率先支持打造类ChatGPT大模型 多地加快完善AI产业政策规划,缴翼飞; 刘丝嘉,21世纪经济报道,2023-02-15,报纸,0,153,2月13日，在北京人工智能产业创新发展大会上，北京市经济和信息化局发布了《2022年北京人工智能产业发展白皮书》（以下简称“白皮书”）。白皮书显示，北京持续保持人工智能领先优势。同时，北京将支持头部企业打造对标ChatGPT的大模型，着力构建开源框架和通用大模型的应用......,人工智能领域; ChatGPT; 北京市; 政策规划; 先导区;
之江实验室副主任鲍虎军：打造国产化ChatGPT绝非易事,赵广立,中国科学报,2023-02-15,报纸,0,79,近期，ChatGPT频上热搜，大家纷纷通过各种渠道体验，中国计算机学会常务理事、之江实验室副主任鲍虎军就是其中之一。 跟ChatGPT“聊”下来，鲍虎军感受到其强大，甚至觉得它有些“圆滑”，因为它不仅能拒绝回答不恰当的提问，还“懂得承认错误”，调整后续答案。 “这说明......,鲍虎军; ChatGPT; 学习模型; 实验室;
ChatGPT火爆带动算力需求 我国算力规模能否支撑,金叶子,第一财经日报,2023-02-15,报纸,0,122,ChatGPT热度不减的背后，是人工智能内容自动生成技术所需要的算力需求也水涨船高。 数据显示，ChatGPT的总算力消耗约为3640PF-days（即假如每秒计算一千万亿次，需要计算3640天），需要7~8个投资规模30亿、算力500P的数据中心才能支撑运行。 那目前全球以及我国的算力情况......,ChatGPT; 数据中心; 人工智能;
与ChatGPT一起学习,本刊编辑部,数据,2023-02-15,期刊,0,17,<正>ChatGPT的带火效应持续发酵，大厂加速布局，纷纷表示与ChatGPT站在同一条跑道上；资本市场随着ChatGPT的动态起伏波动；专家学者也在热火朝天地讨论，ChatGPT是什么？会给我们的生活带来怎样翻天覆地的影响？……有人说，如果把元宇宙描述成是虚拟世界给予大众的一次缥缈的未来蓝图，ChatGPT则更像是技术研究一次脚踏实地的迈步。在人工智能的研究历程上，ChatGPT的出现不是必然，但以它为代表的技术进步却是早晚的事，,无
AI暂难取代保险代理人,谭乐之,中国银行保险报,2023-02-15,报纸,0,55,最近，“全能网友”ChatGPT火爆全球网络。ChatGPT是由Open AI公司开发的人工智能聊天机器人应用，能够学习和理解人类语言，与用户展开对话互动交流。由于其具备多项意想不到的“技能”，并且回答酷似人类，具备很强的逻辑性，自2022年11月上线以来，很快引发业界轰动。 近日......,保险代理人; 人工智能技术; 机器人; 中国人寿;
ChatGPT取代广告人？现在还为时尚早,Aegean,现代广告,2023-02-15,特色期刊,0,67,<正>任何时候，只要人工智能作为一个新概念出现，人们就会担心机器会取代曾经为人类保留的职业。在微软向该项目投入10亿美元后，Chat GPT成为最近几周的头条新闻。这家科技巨头认为人工智能可以帮助它与谷歌竞争，微软计划将Chat GPT应用于必应搜索和其他服务。Buzz Feed也表示将使用其产品来创建内容；此外，品牌Mint Mobile和Avocados from Mexico也计划将Chat GPT作为近期品牌广告传播的核心。,无
喻国明：ChatGPT是划时代的，人工智能将在新闻传播全部环节加速渗透,林沛,中国广播影视,2023-02-15,特色期刊,0,34,<正>“未来将出现的各种各样的媒介产品、媒介服务、媒介现象，背后都有人工智能的深度参与。”正当ChatGPT讨论甚嚣尘上之时，本刊又采访到了北京师范大学传播创新与未来媒体实验平台主任、博士生导师，教育部长江学者特聘教授喻国明。在他看来，这款产品真正的突破在于它呈现出的对关系因素、,无
ChatGPT颠覆性影响的忧与思,段艳文; 李净; 陈旭管,中国传媒科技,2023-02-15,期刊,0,33,<正>2022年11月30日，新一代生成式人工智能聊天机器人ChatGPT上线，既能回答问题、分类信息、翻译文档，又能编写代码、写剧本、写论文等等，各种操作ChatGPT均应对自如，表现堪称惊艳。一时之间，ChatGPT火爆全网，声名大噪。ChatGPT火爆的最主要原因是其突破了AI的一些限定领域而扩展到更广泛领域的普适能力，在技术红利释放的同时也衍生了诸多风险问题。,无
专家称城市级AI竞争新赛道有望开启,邢萌,证券日报,2023-02-15,报纸,0,104,最近，席卷全球的ChatGPT热潮引起地方政府的重视，北京市率先表态“支持头部企业打造对标ChatGPT的大模型”。 2月13日，北京市经济和信息化局发布的《2022年北京人工智能产业发展白皮书》提出，2023年要全面夯实人工智能产业发展底座。支持头部企业打造对标ChatGPT的大模型......,人工智能; 产业发展;
越发“善解人意”的AI，暗藏哪些伦理风险,储舒婷,文汇报,2023-02-15,报纸,0,385,眼下，风头正劲的人工智能（AI）ChatGPT不仅冲击着全球教育界，引发学术欺诈等问题，而且最近也在美国被发现用于网络犯罪。随着这类AI技术普及、并落地更多应用场景，它作为全新的工具表现出了一定的生产力，但硬币的另一面是它潜在的破坏力。 当越发“善解人意”的AI深度融......,人工智能系统; 伦理风险; 伦理规则;
ChatGPT会对建设行业带来怎样的影响？,姜兴贵,广东建设报,2023-02-14,报纸,0,231,广东建设报讯 记者姜兴贵报道：2个月，用户破1亿，当下热度最高的互联网产品——ChatGPT，从2022年底至今，以前所未有的速度刷新着互联网产品的纪录。 ChatGPT是一款人工智能聊天机器人程序，由人工智能研究实验室OpenAI于去年11月底发布。不同于传统聊天机器人，ChatGPT能......,绿色建筑; 建筑业; ChatGPT; 建筑行业; 租赁市场; 人工智能技术; 建筑设计; 房地产;
ChatGPT“把脉”人工智能产业，为中国AI点赞,俞陶然,解放日报,2023-02-14,报纸,0,403,ChatGPT引起社会各界关注。这个由美国企业OpenAI开发的自然语言处理系统，能用英文、中文与用户“丝滑”地聊天，还能完成撰写论文、解答试题、创作诗歌、写程序代码等各种文字符号类任务。 从科技、产业和伦理角度，如何看待这类人工智能产品？记者“采访”了ChatGPT，通过......,人工智能系统; 自我意识; ChatGPT; 自然语言处理; 人工智能领域; 程序员;
ChatGPT狂飙 国产版能否跟上？,丁亚菲,河南商报,2023-02-14,报纸,0,72,5年前的智博会上，百度创始人李彦宏在演讲中谈到外界对人工智能存在的三大误区：其一是认为人工智能就应该长得像人，其二认为人工智能的目标是学习像人类一样思考，其三是人工智能会对人类形成威胁。 5年过去，随着ChatGPT成为科创圈顶流，一场人工智能所带来的新生产力革命......,互联网公司; ChatGPT; 人工智能; 智能手机;
高校、中学……ChatGPT“侵入”校园 与教育界关系是敌是友，应如何对待？,郑雨航,每日经济新闻,2023-02-14,报纸,1,1394,人工智能聊天工具ChatGPT的功能正在被人们充分挖掘，学生是最早开始使用这一工具的群体之一。 2月9日，《每日经济新闻》刊发的独家报道——《调查｜国内高校已有学生用ChatGPT写论文，“杰作”快赶上老师了!“AI作弊”怎么防？》在微博上引起了网友的普遍关注和热烈讨论。截......,教育界; 每日经济新闻; ChatGPT;
ChatGPT背后的法律风险,钱颜,中国贸易报,2023-02-14,报纸,0,884,编写代码、生成图像、完成论文、参加考试……最近，人工智能聊天机器人 ChatGPT风靡全网。凭借高超的数据搜集和数据整理输出能力，ChatGPT迅速吸引了百万用户注册使用，掀起了人工智能发展应用的高潮。与此同时，随着该软件不断开辟大量应用场景，也带来了著作权、隐私安全、......,法律风险; 著作权; 独创性; ChatGPT; 人工智能;
云从科技如何应对ChatGPT：“我们看到了原本被忽视的技术方向”,王镜茹,证券日报,2023-02-14,报纸,0,159,预约云从科技高管杨桦的采访，并不容易。从上周二的第一次预约未果，到改期至上周五下午下班后的五点半，后因一场会议的临时取消，又提前到当日下午四点。 “忙，非常忙，原本我不想接受这个采访。”杨桦在电话中语速极快，“我的确没有时间，近期有很多讨论会，现阶段需要......,技术团队; ChatGPT; 计算机视觉; 人工智能技术; 投资者; 如何应对; 技术方向;
私募如何玩转ChatGPT,陈植,21世纪经济报道,2023-02-14,报纸,0,133,ChatGPT迅速崛起，正让私募基金看到投研能力的新提升空间。 “对量化私募基金而言，其投研能力的高低，很大程度取决于三大因素，一是数据能力，如今越来越多行业头部量化私募基金拥有数百TB的数据，二是算法能力，包括深度学习、文本挖掘等算法能力的持续升级；三是交易能力......,私募基金; 投资者; 分析师; ChatGPT; 投资策略;
ChatGPT来了，会展的一个新助手？,兰馨,中国贸易报,2023-02-14,报纸,0,123,编者按：ChatGPT在全球持续升温。它简单易用、便于操作，令会展业心动的是，ChatGPT上线两个月，月活客户突破一亿，成为史上用户增长最快的应用。会展业一路走来，经历了互联网平台、移动互联网平台的内容生产模式，经历了PGC（专家生产内容）、UGC（用户生产内容），现在到......,从业人员; 会展活动; ChatGPT; 参展商; 会展行业; 会展业; 人工智能;
ChatGPT：云厂商的“流量密码”？,宋婧,中国电子报,2023-02-14,报纸,0,32,微软豪掷100亿美元投资OpenAI，将ChatGPT捧上“神台”后，谷歌紧急推出同类竞品Bard，与其展开直接竞争。2月7日，微软又推出了由OpenAI提供技术支持的新版搜索引擎必应（Bing）和Edge浏览器，令其股价一夜飙涨。2月8日，谷歌Bard却因答题错误导致股价大跌，市值瞬间蒸发千亿......,ChatGPT;
谷歌答错一道题损失万亿市值 ChatGPT跟随者难题多多,杜恒峰,每日经济新闻,2023-02-14,报纸,0,117,ChatGPT的热度一浪高过一浪。在硅谷，微软向谷歌发起了全面进攻，整合了ChatGPT功能的必应搜索，在谷歌一度宽阔到不见边际的护城河上打开了一道缺口。在舆论场上，比尔·盖茨，微软CEO纳德拉，还有Open AI创始人山姆·阿尔特曼，悉数为ChatGPT站台，力陈现有搜索方式有多陈旧......,ChatGPT;
已有技术搭配大模型 让ChatGPT成聊天机器人“顶流”,裴宸纬,科技日报,2023-02-14,报纸,1,339,“写一首诗，赞美诗人李白。”“诗人李白，吟诵仙女长夜。万千情思，尽在深沉诗中……”人类写一首诗，可能需要构思良久才能写出，但有一位“作者”却下笔如有神——只用几秒就能成诗，它就是ChatGPT，一款最近火爆全网的聊天机器人。 如果你认为这款聊天机器人的能力仅限于......,聊天机器人; 大模型; ChatGPT; 人工智能;
ChatGPT，变革与风险,彭茜; 黄堃,新华每日电讯,2023-02-14,报纸,2,1083,新华社北京2月13日电（记者彭茜、黄堃）美国人工智能公司OpenAI的大语言模型ChatGPT在推出约两个月后，1月已达到1亿月活跃用户，成为历史上增长最快的消费者应用程序。相关专家预计，ChatGPT不仅是新一代聊天机器人的突破，也将为信息产业带来巨大变革，但由此带来的学术造假......,人工智能领域; ChatGPT; 语言模型; 聊天机器人; 黄铁军; 科技竞赛;
ChatGPT已能通过高难度考试 未来教育走向何方？,钱童心,第一财经日报,2023-02-14,报纸,0,656,过去几周，全球科技领域又热闹起来。聊天机器人ChatGPT引爆了人工智能的“iPhone时刻”。虽然它还不够成熟，但足以引起各行各业的重视，迎接一场全新的技术革新。 已经对此技术表达担忧的是全球高校的校长和讲师。他们认为，人工智能技术的发展正在冲击现行的教育体系。Chat......,教育走向; 第一财经; ChatGPT; 人工智能; 高难度;
“创作”有著作权吗？律师详解ChatGPT焦点问题,文巧; 蔡鼎; 郑雨航,每日经济新闻,2023-02-14,报纸,0,684,ChatGPT大热，不少人已经用它来写作业、写论文、写演讲稿……ChatGPT快速高效的内容创作能力也让不少人惊呼，内容创作是不是要被AI取代了？ 然而，乐此不疲地使用这项新技术生成内容的同时，我们应该思考一个问题：ChatGPT生成的内容是否有著作权？其“创作”的版权又该归谁......,著作权; ChatGPT; 首席合伙人; 焦点问题; 律师事务所;
ChatGPT取代医生？目标：辅助而非代替,侍佳妮,解放日报,2023-02-14,报纸,0,385,人工智能系统ChatGPT大火，不少领域的从业人员都开始担心失业，这把火也烧到了医疗领域。据报道，ChatGPT在美国执业医师资格考试中取得合格或接近合格的成绩。 上海市第十人民医院老年医学科主任彭沪就一些常见症状问询了ChatGPT，他认为ChatGPT给出的指导性意见和诊断比较......,人工智能; ChatGPT; 医疗领域;
ChatGPT火了 英伟达笑了,张心怡,中国电子报,2023-02-14,报纸,0,69,英伟达又“赚麻了”。1月3日——美股第一个交易日，英伟达的收盘价为143美元，一个月后的2月3日，英伟达股票的收盘价已经来到211美元，一个月涨了47%。华尔街分析师预计，英伟达在1月份的股价表现预计将为其创始人黄仁勋增加51亿美元的个人资产。半导体企业股价的起起伏伏本......,图形处理器; 高性能计算; ChatGPT; 黄仁勋; GPU; 手机领域; 游戏市场; 《中国电子报》;
ChatGPT题材公司被调研机构踏破门槛,许盈,证券时报,2023-02-14,报纸,0,55,春节过后，金融机构又恢复了繁忙的调研节奏，“忙着出差”成了不少券商分析师近期工作状态的真实写照。 Wind数据显示，进入兔年，券商共调研了426家上市公司，有22家公司接受超过20家券商扎堆调研。其中，计算机、医药生物、电子行业、机械设备是近期券商最为关注的行业，Ch......,调研机构; ChatGPT;
ChatGPT来了 AI企业如何应对,贾骥业; 王林,中国青年报,2023-02-14,报纸,0,275,学习或挑战ChatGPT的“正确姿势”，或许还是在更基础、更底层的原始创新中寻找力量。一些中国企业在芯片、操作系统、AI大模型等方面持续投入，并且有所产出，ChatGPT的出现，也是中国AI企业加速奔跑，迎来新一轮发展的契机。 最近，AI（人工智能）圈一股以“ChatGPT”为核心......,人工智能; ChatGPT; 如何应对;
创意写作里，ChatGPT“抢”不走的是什么,许旸,文汇报,2023-02-14,报纸,0,506,“请用女人、猫咪、咖啡馆、巴黎等词，模仿海明威写一段文字。” ——接到这个指令后，ChatGPT迅速拟出一篇《巴黎的作家，咖啡和猫》，从开头“她坐在巴黎的咖啡馆里，身旁是一只猫咪正在打盹”，到中间段落“她想念从前那个热爱生活的她，她不知道自己该怎么办。她觉得猫咪......,创意写作; 人工智能; ChatGPT;
ChatGPT给传统搜索引擎带来巨大挑战,吕红星,中国经济时报,2023-02-14,报纸,0,416,近一段时间以来，全网对AI聊天机器人程序ChatGPT的讨论异常火爆。数据显示，上线仅2个月，ChatGPT月活用户接近1亿，这是互联网领域发展20年来，增长最快的消费类应用。一组数据显示，实现注册用户100万，奈飞用了3.5年，Facebook用了10个月，但ChatGPT，只用了5天。 Chat GP......,ChatGPT; GPT;
中国版ChatGPT 跟风还是创新？,齐旭,中国电子报,2023-02-14,报纸,0,127,面对全球爆红的ChatGPT，百度闪电应战。2月7日，百度官宣将在今年3月推出类ChatGPT项目——“文心一言”。一天后，百度CEO李彦宏将“引领搜索体验的代际变革”列为2023年第一季度OKR关键任务。 ChatGPT成为火爆全球的国民级应用后，谁能率先推出中国版的ChatGPT，成为业界关......,百度搜索; 李彦宏; 《中国电子报》; 智能云; 人工智能; 对话式; 第一季度; ChatGPT;
找准切入点 加速AI落地,洪恒飞; 江耘,科技日报,2023-02-14,报纸,0,64,知识面覆盖相当广泛，回答问题不再机械生硬，还是个能写文案、编代码、做表格的“多面手”……聊天机器人ChatGPT连日来热度不减，在替代人工等方面展现出惊人的潜力，也引发了关于人工智能落地应用的新一轮思考。 近日，以“加快AI落地应用，解放生产力，破解人才短缺难题”......,鲍虎军; 机器人; 人工智能; 切入点;
ChatGPT爆火后关于科技伦理及学术伦理的冷思考,令小雄; 王鼎民; 袁健,新疆师范大学学报(哲学社会科学版),2023-02-13 12:23,期刊,0,9761,ChatGPT以通用人工智能的高科技姿态横空问世后，赢得业界青睐及全球热议。随之关于人工智能的伦理考量与忧虑在业界引发广泛关注。ChatGPT“更像人类一样说话”让具有深度学习力的强人工智能语言模型在科技史上成为一座里程碑。文本从科技伦理及学术伦理视角出发，在实证研究视域中考察ChatGPT的思考力与回答力，并对其语言能力、语言风格、论证效力及思想深度作出特征性分析与描述，旨在对其进行伦理考量。文本旨在客观考证ChatGPT是否具有道德伦理偏差偏见及其引发的科技伦理与学术伦理问题，厘清其中的技术机制与伦理成因，从全面性、可靠性、严谨性、深刻性、原创性等五个方面对ChatGPT的学术伦理要素进行分析，并从内部规训与外部规约两大维度对道德判断、数据泄漏、考试作弊与学术抄袭、作者署名权之争等问题提供应对之策。,ChatGPT; 大语言模型; 通用人工智能; 科技伦理; 学术伦理;
ChatGPT写研报像模像样 取代“金融民工”道阻且长,王蕊,证券时报,2023-02-13,报纸,0,231,正如AlphaGo因战胜围棋世界冠军而一举成名，ChatGPT近日也因为一篇券商研报火到出圈。在专业人士眼中，ChatGPT核心竞争力在于理解人类提问的能力特别优秀，且具备一定的思维链能力。换言之，ChatGPT的表现比以往任何AI模型都更加像人。 突如其来的巨大惊喜，再度激发了人们......,ChatGPT;
ChatGPT，烧光了40亿？,杨沙沙,环球时报,2023-02-13,报纸,0,104,美国初创公司OpenAI推出的人工智能（AI）聊天机器人模型ChatGPT，首先引发了教育界担忧。调查显示，89%的美国大学生正在用ChatGPT来完成作业，许多学校已宣布禁止使用ChatGPT和其他人工智能工具来完成学业。《AIGC：智能创作时代》一书作者杜雨近日接受《环球时报》记者专访......,初创公司; ChatGPT; 人工智能;
科技企业竞跑ChatGPT赛道 多领域智慧应用可期,郭倩; 袁小康,经济参考报,2023-02-13,报纸,0,115,近期，人工智能研究公司OpenAI推出的ChatGPT聊天机器人软件掀起热潮，国内已有百度、京东、科大讯飞等多家公司宣布进入此赛道，中国版ChatGPT有望于3月份与公众见面。 接受《经济参考报》采访的多位业内人士表示，ChatGPT代表了人工智能向更加智能、更加通用方向发展的趋势......,ChatGPT; 人工智能; 自然语言处理; 语言模型; 科大讯飞;
名企争相入局ChatGPT,涂竞玉,深圳商报,2023-02-13,报纸,0,65,ChatGPT引发的热潮还在继续。基于中国目前还没有可媲美的类似应用，多家互联网巨头作出回应，纷纷下场“秀肌肉”。百度宣布将推出聊天机器人“文心一言”，三六零计划将尽快推出类ChatGPT技术的demo版产品，阿里巴巴、京东、网易有道、腾讯、科大讯飞也陆续表态启动相关布局......,阿里巴巴; ChatGPT; 不确定性; 科大讯飞; 产业协同; 人工智能;
ChatGPT大火 你会担心它取代你吗,张欢,中国信息化周报,2023-02-13,报纸,0,107,"这两天在社交平台上讨论得最火的莫过于ChatGPT。其强大的文字处理和人机交互功能使其一夜爆火,甚至开始令各行各业的佼佼者担心自己的职业是否将被替代。 ChatGPT到底是什么?ChatGPT,全名为“生成型预训练语言转换器”(Generative Pre-trained Transformer)是由OpenAI实验室......",测试者; ChatGPT;
布局“类ChatGPT”需接地气,朱炜琳,四川日报,2023-02-13,报纸,0,88,近期，新型人工智能聊天机器人模型ChatGPT爆火，在上线两个月后用户数破亿，成为史上增长最快的消费者应用。随即，ChatGPT 开始了商业化模式探索，诸多大厂高调入局。 ChatGPT是一款AI驱动的自然语言处理工具，它可以通过学习既有文本、图像、视频、文件等输出新的内容，以......,人工智能; 接地气; ChatGPT;
ChatGPT商标遭密集抢注,李耿光,深圳商报,2023-02-13,报纸,0,89,【深圳商报讯】（记者 李耿光）聊天机器人ChatGPT火爆全球，激发全球AI浪潮，在科技圈和资本市场备受关注和热议，其强大的磁吸力也在向其他领域不断扩散。 值得注意的是，近期国内外抢注ChatGPT商标的现象密集出现，同时，利用ChatGPT蹭热点的“投机”行为层出不穷，并衍生......,商标申请; 国际分类; 公众号; ChatGPT;
ChatGPT全球爆火 谈“颠覆”或许还早了点,王鑫,成都日报,2023-02-13,报纸,0,73,春节之后全球最热门的话题是什么？答案非ChatGPT莫属。在过去一个多星期内，微博、抖音、朋友圈内几乎随处充斥着ChatGPT的话题；在A股市场，ChatGPT也成为最热门的板块，相关概念股股价“一飞冲天”；在相关行业，包括百度在内的多家AI企业正加速推出自己的“类ChatGPT”产品......,人工智能; ChatGPT; 语言模型; 阿里巴巴; 用户数; 人民币; 颠覆性;
ChatGPT:是“金矿”还是“天坑”？,段大卫,北京科技报,2023-02-13,报纸,0,13,"会写诗歌,编代码,能创作剧本,还可以帮你写论文……似乎在一夜之间,周围不少人都在讨论一款名为ChatGPT的人工智能聊天程序。比起聊天机器人前辈们害怕“言多必失”,ChatGPT自信满满,它总能实现人类的各种诉求,并且表现欲十足。 从“人工智障”到“人工智能”,ChatGPT虽有时一......",聊天机器人; ChatGPT; 人工智能; 合著者;
ChatGPT概念“狂飙”,王哲希,国际金融报,2023-02-13,报纸,0,89,近期，科幻电影《流浪地球2》中展示的各类高科技设备赚足了眼球，尤其是人工智能机器人MOSS更是在网上引发热议。 而在现实里，去年底由美国人工智能实验室（OpenAI）推出的聊天机器人程序ChatGPT持续火爆了两个多月。 当地时间2月7日，微软方面表示，将推出全新的由AI驱动......,机器人; ChatGPT; 初创公司; 投资者; 人工智能; 概念股; 语言模型;
ChatGPT概念股成色几何？,罗辑,中国经营报,2023-02-13,报纸,0,66,近期，资本市场的目光都集中到了一个新出现的概念上——ChatGPT（聊天机器人模型）。作为海外市场出现的一款现象级人工智能应用，ChatGPT在语义理解和内容生成方面的突破性表现，直接点燃了资本市场的“热情”。 自1月30日A股ChatGPT概念相关多只个股跳空高开、板块行情爆发......,概念股; 自然语言处理; ChatGPT; 板块指数; 概念炒作;
ChatGPT火爆全球 人工智能主题基金乘势“狂飙”,郭洁,证券时报,2023-02-13,报纸,0,106,本月市场各大指数呈现横盘震荡走势，上证指数月内上涨0.15%，深证成指下跌0.2%，科创50指数上涨1%，沪深两市累计成交7.27万亿元。 动漫游戏主题基金表现最靓丽 剔除今年新成立的基金，2月以来基金（仅统计A类份额，下同）平均收益率为-0.07%，75只基金取得5%以上收益。 2......,概念股; ETF; ChatGPT; 人工智能;
ChatGPT让保险代理人饭碗不保？,罗葛妹,国际金融报,2023-02-13,报纸,0,82,ChatGPT等AI工具可能会替代保险代理人的一部分工作，但是不大可能完全取代保险代理人或保险经纪人。相反，ChatGPT更应该为代理人所用，辅助其更高效地开展业务。 写文章、写代码、写方案……突然间，由人工智能实验室OpenAI发布的对话式大型语言模型ChatGPT在各大中外媒体平......,保险代理人; ChatGPT; 保险经纪人; 保险营销;
ChatGPT火爆背后有何法律风险？,韩丹东; 王意天,法治日报,2023-02-13,报纸,0,1020,调查动机 最近，由美国人工智能研究室OpenAI开发的全新“聊天机器人”ChatGPT火了。作为一款人工智能语言模型，它不仅能和人展开互动，还可以写文章、制定方案、创作诗歌，甚至编写代码、检查漏洞样样精通，上线仅两个月全球活跃用户破亿。 对此，有人直呼“太好用了，你要......,人工智能; 法律风险; ChatGPT;
赵依：在ChatGPT里发现“川观者”新解,成博; 边钰; 李婷,四川日报,2023-02-13,报纸,0,46,作为出生成长在四川的青年评论家，又回到四川来领家乡的文学奖，我感到很开心。今天，我一直在思考什么是“川观”。对我来说，我不仅是在看四川，也在被四川看，有家乡对我的深情热爱，也有我对这片土地的热爱。 那回到主题，看的东西是什么？我们如孔子坐在川上看，像杜甫......,青年评论家; ChatGPT;
ChatGPT火爆出圈，会抢谁的饭碗,郑新钰,中国城市报,2023-02-13,报纸,0,150,这几天在科技圈，没有比ChatGPT更火爆的关键词了。 据了解，ChatGPT是由OpenAI（在美国成立的人工智能研究公司）开发的一种全新聊天机器人模型，不仅上知天文、下知地理，而且能写文章能做题，甚至能给予情感关怀。 聊天机器人众多，为什么偏偏ChatGPT出圈？其会是昙花一现......,人工智能; ChatGPT; 百度搜索; 聊天机器人; 李世石;
ChatGPT风暴,柳川; 陈锋,华夏时报,2023-02-13,报纸,0,63,"“风浪越大鱼越贵!”这是最近热播剧《狂飙》里的一句经典台词。这句话也同样适用于目前处在风口浪尖的“ChatGPT”概念股。 2022年11月30日,美国OpenAI公司上线了最新版本的人工智能聊天机器人软件——ChatGPT。随后这一科技带来的破坏式创新,迅速在网上卷起滔天巨浪,也为疫......",ChatGPT; 生成式; 侵权作品;
ChatGPT接受本报记者采访,周秭沫,国际金融报,2023-02-13,报纸,0,54,即使在科技已经无比发达的今天，仍会有新兴技术让我们惊叹，最近引发全球关注的ChatGPT（Chat Generative Pre-trained Transformer）便是如此。近日，《国际金融报》记者亲身体验了这一爆火的人工智能技术。 眼下，ChatGPT不仅是一项技术，也正在成为一笔大生意。 微软已承......,人类语言; 记者采访; ChatGPT; 程序员; 通胀周期; 人工智能; 美联储; 货币政策; 西奥多; 数学题; 年轻人;
通信业如何着力ChatGPT？,胡媛,通信产业报,2023-02-13,报纸,0,61,"一款“杀手级”应用浮出水面。2023年初,在通信产业大会暨第十七届通信技术年会上,《通信产业报》全媒体发布的2023通信产业十大技术趋势中,AIGC被产业界15位专家联合提名发布。刚刚过去一个月有余,AIGC的重要落地应用ChatGPT就火遍全球,引起了业界广泛关注。 那么,ChatGPT是......",通信业; 通信产业; 基础模型; 杀手级; 人工智能领域; 机器人; 全媒体记者; ChatGPT;
ChatGPT火爆全球 AI聊天机器人颠覆互联网,黎坤; 张书琛; 张毅,电脑报,2023-02-13,报纸,0,0,哪怕是AI从业者都没料到的行业的春天会来得这么快。 踩在巨人肩膀上的人工智能对话机器人ChatGPT自公开以来就成了绝对破圈的热点：上线短短两月已获1亿月度活跃用户，成为史上增长最快的面向消费者应用。和前辈微软小冰、苹果Siri不同，ChatGPT的智能程度超乎想象：不仅可以......,聊天机器人; 人工智能技术; 互联网内容; 视频平台; 自然语言处理; 数字虚拟人; ChatGPT;
ChatGPT火爆全球 AI聊天机器人颠覆互联网,黎坤;张书琛;张毅,电脑报,2023-02-13,报纸,0,50,哪怕是AI从业者都没料到的行业的春天会来得这么快。 踩在巨人肩膀上的人工智能对话机器人ChatGPT自公开以来就成了绝对破圈的热点：上线短短两月已获1亿月度活跃用户，成为史上增长最快的面向消费者应用。和前辈微软小冰、苹果Siri不同，ChatGPT的智能程度超乎想象：不仅可以......,聊天机器人; 人工智能技术; 自然语言处理; 数字虚拟人; ChatGPT; 互联网内容; 汉王科技; 商业模式;
ChatGPT+教育热背后：数字化转型落地进行时,黎竹; 刘旺,中国经营报,2023-02-13,报纸,0,1327,经历了几周的持续发酵，ChatGPT成为了开年最火热的概念，作为人工智能技术驱动的自然语言处理工具，其运用到数字化教育场景中的观点颇受关注。 2022年初，“教育数字化战略行动”一词出现在教育部文件中，发出了我国教育数字化转型动员令。2023年2月9日教育部国际合作与交流......,机器人应用; ChatGPT; 服务机器人; 科大讯飞; 人工智能技术; 数字化转型; 自然语言处理; 智能领域; 教育机器人; 益智玩具; 进行时;
ChatGPT背后的创新焦虑,无,经济观察报,2023-02-13,报纸,0,74,"几乎每个人都在谈论ChatGPT。 半个月之前可能很多人连名字都无法准确读出的人工智能应用在全球掀起了巨浪,就连比尔盖茨都出面加持,称之为新一次颠覆时代的技术创新。 人们热衷于ChatGPT所带来的全新交互体验。相比此前的简单人机交互,ChatGPT看起来更智慧,也更有趣。但似乎......",人工智能; ChatGPT;
ChatGPT火了!国内AI风往哪儿吹,沈春蕾,中国科学报,2023-02-13,报纸,0,98,ChatGPT概念股火了! 连日来，美国人工智能（AI）实验室OpenAI发布的聊天机器人ChatGPT火爆全网，并带动了相关概念股的上涨。 在A股市场，资本大举炒作ChatGPT概念股，部分概念股出现五连板的走势。百度宣布将推出中国版的ChatGPT项目——文心一言（英文名ERNIE Bot）后，百......,概念股; 《中国科学报》; 合伙人; ChatGPT; 乌托邦; 聊天机器人; 技术产品; 实验室;
网络安全保险大有“用武之地”,戴梦希,金融时报,2023-02-13,报纸,0,118,网络技术在给大众带来便捷性的同时，也隐藏着极大的安全隐患。各种勒索软件、钓鱼软件层出不穷，同时，包括ChatGPT等在内的人工智能技术也给犯罪分子带来可乘之机，网络安全保险的需求越来越受到重视。 业内专家认为，在国家大力推进数字化转型的大背景下，2023年，网络安全......,网络安全保险; 网络安全事件; 网络攻击;
中国版ChatGPT快来了吗,佘慧敏,经济日报,2023-02-12,报纸,0,274,近日，美国人工智能研究公司OpenAI推出的聊天机器人ChatGPT火爆全网。它能通过学习和理解人类语言进行自然语言对话，跟人类聊天时遇到敏感问题会“打太极”，还能替打工人生成颇具幽默感的辞职信…… 可以说，ChatGPT打开了自然语言处理技术商业化落地且成为消费端爆款的大......,自然语言处理; 计算力; ChatGPT;
步入AI时代，“破圈”将是一种底线思维,吴金娇,文汇报,2023-02-12,报纸,0,197,ChatGPT火遍全网，作为创造“奇迹”的人，OpenAI首席执行官山姆·阿尔特曼在全球声名鹊起。八岁学会编程，在斯坦福大学主修计算机科学，大二退学创业一举获得3000万美元的风投……这些传奇经历，使得他被描述为又一个天才式科技人物。 在教育界，随着ChatGPT“出圈”，关于......,创新人才培养; 底线思维;
巨头“追风”ChatGPT 多家A股公司对热炒冷回应,李兴彩,上海证券报,2023-02-11,报纸,0,118,京东云旗下言犀人工智能应用平台将整合过往产业实践和技术积累，推出产业版ChatGPT——ChatJD，并公布落地应用路线图 基于丰富的应用场景和巨大市场，在人工智能模型的训练上，中国AI公司和互联网公司在机器视觉、语音识别等AI领域已经有深厚的积累和储备 自2月8日以来，交......,ChatGPT; 市场传闻; 汉王科技; 概念股;
汉王科技：ChatGPT概念股 业绩前景如何？,王柄根,股市动态分析,2023-02-11,期刊,0,519,<正>近日ChatGPT概念备受追捧，汉王科技（002362）大受追捧，连续录得一字板。公司近日在机构调研时表示，公司目前形成包括多模式识别、智能人机交互、自然语言理解NLP、智能视频分析等人工智能产业链关键技术。以核心技术为支撑，在众多领域开展应用，形成“技术平台+行业赛道”以及TOC智能终端产品的业务模式，分为文本大数据业务、笔智能交互业务、人脸及生物特征识别业务及AI终端业务四大板块。在文本大数据业务方面，多年来汉王科技以AI技术带动数字化产业、服务产业数字化，随着智能化、数字化社会建设，公司将成为数字经济的直接受益者；,无
聊天机器人（ChatGPT）的溯源及展望,荆林波; 杨征宇,财经智库,2023-02-10,期刊,0,405,2022年11月，美国人工智能研究公司OpenAI发布了聊天机器人（ChatGPT），用户数量在5天内突破100万，风靡全球，掀起了生成式人工智能（GAI）浪潮。2023年2月，随着风险投资的不断追捧和相关产业的持续关注，聊天机器人开启“狂飙”扩散模式，一场新的技术革命正在来临。本文从聊天机器人溯源入手，分析技术革命的各个阶段，了解该模型及其核心技术发展的背景、历史沿革，梳理当下热点话题，辨析聊天机器人引发的种种争议，客观评估聊天机器人的积极作用及各种挑战，并对聊天机器人未来发展的方向进行了展望。,聊天机器人; 技术变革; 人工智能;
AI聊天考验科技实力 山寨ChatGPT“碰瓷”捞金,吕倩; 葛慧,第一财经日报,2023-02-10,报纸,0,71,“到底会不会聊天？”科技巨头们正在遭遇市场的灵魂拷问。 由于旗下的人工智能（AI）聊天机器人巴德（Bard）“尬聊”，谷歌母公司Alphabet在当地时间2月8日股价下跌超过7%，创三个月来最大跌幅，市值蒸发约1000亿美元，因为投资者担心其新推出的Bard可能会给出不准确的回答......,公众号; 生成式; 人工智能; ChatGPT; 徐小姐; 科技实力;
ChatGPT国内“遍地开花”：堵点在哪，隐患何在,查睿; 吴丹璐,解放日报,2023-02-10,报纸,0,701,“ChatGPT会不会抢走我的饭碗？”时下最热门的话题，无疑是这个AI聊天机器人。人工智能上一次这么火，或许还是谷歌AlphaGo打败柯洁的时候。 有业内人士认为，ChatGPT这一现象级的产品将开启人工智能产业的2.0时代，引领新的产业趋势。虽然目前市场反应火热，但从产业角度来......,机器人; 人工智能; 研究院; 网络钓鱼; 钓鱼检测; 语言模型; ChatGPT;
两家ChatGPT概念股收监管函,邱清月,深圳商报,2023-02-10,报纸,0,24,【深圳商报讯】（记者 邱清月）在连续暴涨后，上交所对ChatGPT概念股海天瑞声、云从科技下发监管工作函，人气股汉王科技亦收到关注函。受此消息影响，2月9日A股ChatGPT概念股有所调整，截至收盘，云从科技大跌9.35%，东港股份、高鸿股份、海天瑞声、汉王科技等部分个股走弱。,概念股; ChatGPT; 汉王科技;
多家银行快速布局ChatGPT,王方圆,中国证券报,2023-02-10,报纸,0,117,日益火爆的ChatGPT正引起银行业的密切关注。江苏银行日前宣布，已尝试运用ChatGPT技术提升软件开发生产力。招商银行本周发布的一则通过ChatGPT生成的亲情信用卡（附卡）文案，超高的文字创作水平更是让业内人士惊艳。 银行业务复杂多样，数据庞杂，客户需求各不相同，如何通......,ChatGPT; 银行业;
ChatGPT能否代替人类思考,涂竞玉,深圳商报,2023-02-10,报纸,0,296,“刘翔在哪一年获得世界乒乓球锦标赛冠军？”“刘翔在2004年获得了世界乒乓球锦标赛冠军。”这是记者与人工智能聊天机器人ChatGPT的一段对话。 短短几周，ChatGPT现象级走红，AI浪潮席卷全球。但与此同时，它存在的各种缺陷和风险也引起了人们的思考。很多专家指出，对于Cha......,网络内容安全; ChatGPT; 世界乒乓球锦标赛;
ChatGPT火爆“出圈” 为AI发展添薪助力,金峰,通信世界,2023-02-10,期刊,0,2265,<正>2022年末，OpenAI带来了爆款的聊天机器人ChatGPT。通过实测，它不仅能够与人类进行正常对话，还具备较高的AIGC能力，能够按照用户要求，撰写相对复杂的文档（而非格式化的自然灾害快报、体育比赛过程介绍等）。因此，一些学生用它撰写论文，一些科技公司试图让它写代码，以实现“降本增效”。ChatGPT作为爆款AI应用，并不是凭空诞生的，而是立足于数十年AI发展基础之上。从既往路径来看，人类最先被AI替代的领域具备以下三大特征。第一是简单规则性，例如在文档撰写中，AI被优先应用于类似做“填空题”的自然灾害快报，,无
中国版ChatGPT的“墨攻”,魏蔚,北京商报,2023-02-10,报纸,0,164,虽说隔着太平洋，但大小科技企业似乎都成了ChatGPT的“提线木偶”。2月9日这天谷歌和微软的悲喜不相通，谷歌前一日因演示聊天机器人“巴德”（Bard）新功能时尴尬出错，市值一夜蒸发超7000亿元，微软受益于集成ChatGPT，旗下搜索引擎必应的全球下载量激增10倍。 国外公司争......,百度搜索; 蓝色光标; ChatGPT; 科大讯飞; 人工智能;
ChatGPT为什么火，到底神不神,江芬芬; 管伟,南京日报,2023-02-10,报纸,0,121,2023年新春，聊天机器人模型ChatGPT成为科技圈最大的“网红”。可以聊天、写诗、画画、做作业、写代码、写论文……作为生成式人工智能的一员，ChatGPT正在各个领域吸睛，对于普通用户而言，或许仅是激荡于日常生活中的一道波澜，于南京科技公司却是期待已久的现象级浪潮：人......,人工智能; ChatGPT; 数字人; 聊天机器人;
ChatGPT：神话或异类？,陈怡,上海科技报,2023-02-10,报纸,0,82,通过了谷歌L3工程师入职测试，年薪18.3万美元；月活人数在短短两个月里从初期的100万破亿人，碾压史上所有消费者应用程序；今年1月，全球每天有1300万人次独立用户访问；学生用ChatGPT拿下全班最高分；微软将向ChatGPT的创建者OpenAI投资100亿美元；谷歌、Meta等科技巨头纷纷......,语料库; 语言模型; ChatGPT; 聊天机器人; 泛化性; 训练数据;
狂飙中的ChatGPT又一则“狼来了”？,张恒,河南商报,2023-02-10,报纸,0,48,美国AI工具ChatGPT在国内引起强烈反响。ChatGPT的界面类似微信聊天，是一款问答形式的聊天机器人，专业表述为人工智能技术驱动的自然语言处理工具。它的强大之处在于，能完成撰写邮件、视频脚本、文案、翻译、代码等任务。 还记得7年前的“围棋高手”AlphaGo吗？彼时我们经......,狼来了; 聊天机器人; 人工智能; ChatGPT;
ChatGPT做对了什么,禹洋,经济日报,2023-02-10,报纸,0,359,帮大学生写论文，替程序员写代码，会写诗，能讲笑话，甚至能帮记者写稿子……去年底面世的人工智能聊天机器人程序ChatGPT一夜蹿红，持续爆火，其背后的人工智能（AI）技术让全球互联网科技巨头开启“狂飙”模式。 2月7日和8日，三大互联网科技企业纷纷“放大招”。谷歌匆忙......,人工智能; ChatGPT; 聊天机器人;
ChatGPT爆火，国内研发进展如何？,刘园园,科技日报,2023-02-10,报纸,0,456,这段时间，一款名叫ChatGPT的人工智能聊天系统就像平地起春雷，突然刷爆网络。 “从目前普遍的对话感受来看，ChatGPT的最大亮点就在于其优秀的意图识别与语言理解能力，这令人意识到人工智能的交互能力已经实现了跨越式进展。”易观智慧院高级分析师陈晨评价。 有问必答，......,自然语言处理; 语言模型; 智能领域; 人工智能; ChatGPT; 研发进展;
从ChatGPT看虚商 我们需要什么样的创新思维,刘启诚,通信世界,2023-02-10,期刊,0,1127,<正>ChatGPT最近很火，成为整个科技、互联网、投资界关注的焦点。作为一名老传媒工作者，我对许多新兴事物最初都持一种怀疑的态度，但ChatGPT的出现还是给了我很大的震撼，在基本了解这个应用后，突然有一种“新旧时代更替”的感觉。AI技术问世时间不短了，近几年更是炒得沸沸扬扬，美国开技术先河，中国行应用之道。但不可否认的是，,无
巨头们扎堆入局ChatGPT 国内AI企业股价被炒热后渐冷,钱童心,第一财经日报,2023-02-10,报纸,0,29,市场正试图寻找引领未来十年市场增长的下一个技术，人工智能就是答案。ChatGPT的问世将人工智能带入了一个新时代，在这场新的竞赛中，大型语言模型成为科技企业的“入场券”，谁都不甘示弱。 继百度之后，更多中国科技公司加入全球竞赛。2月8日，中国另外两家互联网巨头阿里......,ChatGPT; 汉王科技;
ChatGPT：AI的新起点？,齐旭,中国电子报,2023-02-10,报纸,0,232,1月中旬，美国北密歇根大学的哲学教授安东尼·奥曼在为自己任教的一门课程评分时，惊喜地读到了一篇“全班最好的论文”。在这篇论文中，作者以简洁的段落、恰当的举例和严谨的论据，论证了相关问题。然而，在奥曼的追问之下，学生承认这篇论文是ChatGPT的“作品”。 其实，C......,人工智能; 生成式; 语言模型; 泛化能力; 《中国电子报》; 聊天机器人; 百度搜索; ChatGPT; Instagram; 应用场景;
三大指数全线上涨 ChatGPT热点继续扩散,李雨琪,上海证券报,2023-02-10,报纸,0,18,A股昨日全天低开后震荡走高，三大指数均涨超1%，创业板指终结5连阴。算力、AI芯片等ChatGPT衍生题材爆发，白酒、军工、券商涨幅居前。 截至收盘，上证综指报3270.38点，涨1.18%；深证成指报12048.27点，涨1.64%；创业板指报2569.73点，涨1.74%。沪深两市合计成交9011亿元，......,净买入; 图形处理; ChatGPT; 市场热点; 创业板;
再造一个ChatGPT？并没想象的容易,白杨,21世纪经济报道,2023-02-10,报纸,0,107,ChatGPT的热度仍在持续升温，尤其是该概念在资本市场带来的“助涨效应”，也吸引越来越多的上市公司开始蹭热点。 但是，ChatGPT背后的技术能力并不简单，更不是短期内想要实现就能实现的。因此，有业内专家呼吁，不要让ChatGPT沦为资本炒作的话题，而是要将目光聚焦于这个产......,人工智能; ChatGPT;
火爆全球的ChatGPT究竟是啥 将带来哪些变革,张亦筑; 李志峰,重庆日报,2023-02-10,报纸,0,643,做作业、写论文、作诗、写剧本、敲代码……最近，ChatGPT火爆全球，接连登上热搜。 自2022年11月30日上线，短短两个月，ChatGPT获得1亿月度活跃用户，成为史上增长最快的面向消费者的应用。 ChatGPT的横空出世，再度引发人们关于人工智能的热议。ChatGPT究竟是什么？为何如......,人工智能; 智能领域; 科大讯飞; 语言模型; 自然语言处理; 重庆日报; ChatGPT;
ChatGPT是颠覆性突破吗,赵觉珵,环球时报,2023-02-10,报纸,0,337,全班第一的论文是它写出来的、89%的美国学生用它来完成作业、2个月内超过1亿用户向它提问……最近一段时间，对话式人工智能（AI）机器人ChatGPT火遍全球，它以强大的语言处理能力、海量的数据积累等特点让用户感到惊讶甚至震撼。比尔·盖茨称赞，ChatGPT的诞生有着重大历史意......,人工智能; 自然语言处理; 《环球时报》; 人类语言; 颠覆性; ChatGPT;
微信上的这些山寨产品违法吗？,王乃召,浙江法治报,2023-02-10,报纸,0,75,近日，人工智能聊天工具ChatGPT火爆全网。但ChatGPT到底是个啥，其实很多人并未亲身体验过。据了解，由于ChatGPT的开发者、人工智能研究机构OpenAI并没有在中国大陆提供有关ChatGPT的服务，也没有相应的公司运营，中国网民目前还无法体验。然而，记者在网上搜索时却发现，微......,商标侵权; GPT; 山寨产品; 公众号;
ChatGPT引燃新一轮AI革命 业内呼吁正视差距夯实基础,阮润生,证券时报,2023-02-10,报纸,0,229,上一轮2016年人工智能程序AlphaGo击败职业围棋世界冠军引发人工智能热议，人们似乎还可以作壁上观；本轮热炒的聊天机器人ChatGPT，则从写学术论文到医疗咨询几乎席卷各个行业，自生式智能新范式已经让人们近距离感受到人工智能带来惊喜与危机，引燃新一轮AI革命。 即便多家......,新一轮; 人工智能; 虚拟人; 概念股; 上市公司; 参数训练; 夯实基础; ChatGPT;
ChatGPT，你会抢我的饭碗吗？,吴扬; 吴彬彬; 许隽; 叶丹; 黄颖彤,南方日报,2023-02-10,报纸,0,599,"“能帮我拟一个关于人工智能的采访计划吗？” “好的,对人工智能的定义；人工智能在当前中国的发展状况；人工智能未来的发展趋势……” 回答提问的并不是记者或者编辑，而是当前讨论热度最高的AI语言模型ChatGPT。 上线一周，吸引100万人试用；试用两个月，月活人数突破1......",人工智能领域; 机器人; 语言模型; ChatGPT;
ChatGPT“出圈”：真颠覆还是伪概念？,许隽; 叶丹,南方日报,2023-02-10,报纸,0,277,ChatGPT彻底“出圈”了。短短数日，与之相关的词条十余次登上热搜，引发国内全网热议。在海外，比尔盖茨盛赞ChatGPT“让人类窥见了未来”；科技狂人马斯克在试用后对它的评价是“好用得可怕”，甚至断言“我们离强大到危险的AI不远了”…… 到底是怎样的一款人工智能，在科......,人工智能; 南方日报; 概念股; 聊天机器人; 阿里巴巴; ChatGPT;
昂贵的ChatGPT背后 国产GPU“掘金”路漫漫,江月,21世纪经济报道,2023-02-10,报纸,0,125,当人们惊叹于ChatGPT的聪明时，不要忽略它的昂贵。这款应用的走红，正把科技投资推向更高的山峰，资金和智力还要更集中地涌向GPU等硬件赛道。由于大模型持续迭代升级、应用加速延伸以及云服务器急需扩容，AI芯片的掘金人正在聚集。 2月9日，21世纪经济报道记者在采访中了解......,GPU; 开发商; 路漫漫; ChatGPT; 语言模型; 硬件成本; 人工智能; 参数量;
对话“顶流”ChatGPT：你的“智慧”从何而来,涂佳煜; 林晓晖,浙江日报,2023-02-10,报纸,1,375,从2022年底开始，来自全球各地的人都不约而同地绞尽脑汁，用各种刁钻的要求“调教”着一款人工智能——ChatGPT。 AI一一应战，给出了史无前例的惊人表现，短短几个月间，ChatGPT在全球圈粉无数。 ChatGPT搞定了论文、代码、报告，还能进行诗歌、剧本、小说等“文学创作”。,人工智能; 自然语言处理; 语言模型; 文本数据; 人类语言; 聊天机器人; ChatGPT;
引领全球人工智能新浪潮,孙亚军,经济日报,2023-02-10,报纸,1,191,ChatGPT所引领的人工智能或将成为2023年全球各大科技公司竞相追逐的热门新赛道。以ChatGPT为代表的人工智能具有广阔的市场空间和应用场景，但ChatGPT还处于早期发展阶段，要想实现大规模商业化应用仍需不断进行技术下沉和迭代发展。 ChatGPT持续在全球火爆，不仅成为全球资......,人工智能; 新浪潮; 科技公司; 机器人;
阿里正研发类ChatGPT产品 或推动AI电商新场景,李强,21世纪经济报道,2023-02-10,报纸,0,200,面对ChatGPT刮起的风暴，国内科技巨头反应也十分迅速。 2月8日，南财快讯首发报道阿里达摩院正在研发类ChatGPT的对话机器人，目前已开放给公司内员工测试。阿里巴巴方面对21世纪经济报道记者表示，确实在研发相关产品，目前处于内测阶段，尚没有更多信息透露。 从2019年开......,阿里巴巴; 强人工智能; 模型参数; 多模态; ChatGPT;
人类迎来与AI列车“擦肩时刻”了吗,沈湫莎,文汇报,2023-02-10,报纸,0,86,正如人类历史上无数次科技创新所展示的那样，爆炸式创新、现象级产品总是突然地、从人们未曾预料的地方冒出来。2023年初最“出圈”的科技新词非“ChatGPT”莫属，最近一周，它的服务器访问量始终处于满负荷状态（2月5日本报第三版“热点聚焦”刊登报道《ChatGPT火热“出圈”......,语言模型; 全球互联网; 聊天机器人;
开启人工智能新纪元 它为何可以颠覆众多产业,吴苡婷,上海科技报,2023-02-10,报纸,0,80,ChatGPT是由人工智能研究实验室OpenAI在2022年11月30日发布的全新聊天机器人模型，它能够通过学习和理解人类的语言来进行对话，还能根据前后的聊天内容轻松进行互动，真正像人类一样交流。该模型一现身，就以其强大的信息整合和对话能力惊艳了全球。以色列总统艾萨克·赫尔佐......,人工智能; GPT; 机器翻译;
发力数字经济 把握市场风口,张华桥,东莞日报,2023-02-10,报纸,0,39,本报讯 数字经济是东莞推动制造业转型升级的主要因素之一。东莞“两会”期间，市人大代表、政协委员关注数字经济的前沿课题，为东莞数字经济的发展建言献策，显现出东莞各界人士对于数字经济发展的期待。 立足数字经济产业谋划未来 数字经济的发展渐渐深入，催生更多新的应......,人工智能领域; 人大代表;
粤传统制造业迎来智能改造浪潮,李赫; 许宁宁,南方日报,2023-02-10,报纸,0,51,在年初大火的科幻电影《流浪地球2》中，机器人应用成为未来社会相当重要的组成部分。影片中的机器人不仅可以自如移动进行高精度作业，还可以像人一样思考决策和执行指令，让观众直呼既科幻又真实。 不过，也有业内人士表示，如果以2050年作为故事背景，该影片中的机器人应用......,传统制造业; 家用空调; 机器人应用; 智能制造;
ChatGPT和公募：爆火的说客与冷静的看客,李海媛,北京商报,2023-02-09,报纸,0,70,随着ChatGPT走红并在近日持续刷屏朋友圈，ChatGPT的相关概念股也持续上涨。爆火的同时，也有越来越多机构对其业务能力进行测验。更有观点猜测，在ChatGPT高速发展的当下，银行理财经理乃至基金投顾是否有被取代的可能性。 ChatGPT眼里的公募：有潜力的投资市场 为了测试Cha......,公募基金; 北京商报; 基金经理; ChatGPT;
ChatGPT可能应用于哪些金融场景？,边万莉,21世纪经济报道,2023-02-09,报纸,0,612,一时之间，ChatGPT火爆出圈。写得了代码、作得了诗，甚至还能完成学术论文，“小能手”ChatGPT引起了各行各业的无限遐想。 如果将ChatGPT应用金融行业，会有哪些可能性呢？21世纪经济报道记者就此向金融从业人员发起采访后发现，答案主要集中在以下几个方面：写企业宣传稿、......,ChatGPT; 语言模型; 银行业; 人工智能;
ChatGPT墙外开花墙内香 估值“催熟”不利于结果,杜恒峰,每日经济新闻,2023-02-09,报纸,0,195,最近，使用Open AI公司开发的生成式人工智能产品ChatGPT成为一种全球现象，无论是问答时高效、丝滑的用户体验，还是其写代码、写论文的高专业水准，都预示着人工智能领域有望诞生下一个“杀手级”大众应用。微软百亿美元投资Open AI、谷歌火速宣布将推出聊天机器人Bard与Chat......,人工智能; ChatGPT; 概念股;
ChatGPT植入浏览器 微软打响“搜索大战”,魏蔚,北京商报,2023-02-09,报纸,1,101,科技圈的热度依然被ChatGPT承包。北京时间2月8日，微软推出由ChatGPT支持的最新版本人工智能搜索引擎Bing（必应）和Edge浏览器，但预览人数有限。这是否跟ChatGPT官网瘫痪有关，目前尚不可知，但可以肯定的是，微软、谷歌、百度在传统业务和AI赛道鏖战正酣。按照ChatGPT的发......,人工智能; ChatGPT; 浏览器;
ChatGPT爆红，人工智能边界何在,刘晓庆,浙江日报,2023-02-09,报纸,0,576,最近，一款名为ChatGPT的聊天机器人彻底火出了圈。上线仅两个月，其活跃用户已突破一亿，让曾经创造无数增长奇迹的TikTok都“自愧弗如”。吟诗歌、写论文、敲代码、进行数据分析……ChatGPT仿佛“无所不能”，这也让很多人惊呼：“打工人的饭碗是不是保不住了？” ChatGPT最......,人工智能; ChatGPT;
ChatGPT降临，你准备好了吗？,悦连城,河南日报,2023-02-09,报纸,0,178,“在浩浩汤汤的科技浪潮中，武断地拒绝和否定并不能打造一个怡然自乐的‘桃花源’，面对日新月异的人工智能，主动融入、妥善使用、批判性思考才是‘正解’。” 近日，ChatGPT智能聊天机器人火爆全球。从表白情书、工作总结到算法编程、学术论文……面对一众网友各种“花式整......,人工智能; ChatGPT; 技术性失业; 浩浩汤汤;
上线60天月活破亿，ChatGPT会抢谁的饭碗？,陈小慧,深圳商报,2023-02-09,报纸,0,175,能与人类“对答如流”，会写策划方案和调研报告，甚至写诗都不在话下……最近，一款聊天机器人模型ChatGPT火爆整个互联网，相关话题频频登上热搜，上线仅2个月活跃用户就破亿。 一石激起千层浪。ChatGPT的出现不仅让谷歌、苹果等科技巨头“急了眼”，市场上也掀起了一波Chat......,机器翻译; 公众号; 人工智能; 数据训练; 聊天机器人; ChatGPT; 监督策略;
宝盈人工智能股票基金“搭错车”,李沛沛,每日经济新闻,2023-02-09,报纸,0,51,近日，ChatGPT在全球火热，A股市场上的ChatGPT和AIGC概念也被引爆，相关个股受到各路资金追捧，重仓基金的净值也随之出现上涨。 乘着这阵东风，多只人工智能主题基金今年的净值涨幅已超过15%，超过10%的也不在少数，为持有人带来了可观的收益。而《每日经济新闻》记者发现，......,股票基金; 第一大; 人工智能; 重仓股; 概念股;
ChatGPT搅动AI芯片“春水”,张赛男,21世纪经济报道,2023-02-09,报纸,0,126,ChatGPT成为最近资本市场最大的热点，引发相关概念股狂飙，2月8日，概念股汉王科技盘中继续拉升。 除了汉王科技，近日，云从科技、神思电子、天娱数科、三六零、视觉中国、壹网壹创等均有所异动。而从这些公司所处产业链不难发现，软硬件系统构成了AIGC（Artificial Intelli......,GPU; 汉王科技; 概念股; 语言模型; 云计算产业; ChatGPT;
未来，人工智能将怎样改变世界,张宣; 蔡姝雯; 程晓琳; 顾星欣,新华日报,2023-02-09,报纸,0,397,近日，一款功能强大的AI对话机器人ChatGPT成为全球热议话题。人工智能技术的最新进展让人们惊叹的同时，也让“机器取代人脑”“人工智能会不会造成失业潮”等疑问再次出现在人们视野。 目前，我国、我省这方面研究如何？飞速发展的AI技术革新，将给人们、企业带来什么样的影......,人工智能; 机器人; 人机对话技术; 人工智能领域; 改变世界;
ChatGPT带火AIGC赛道 AI芯片提供商寒武纪却面临大考,张宝莲,每日经济新闻,2023-02-09,报纸,0,284,2023年开年，在科技圈、资本圈，ChatGPT热度飙升，这款聊天机器人程序上线仅2个月，就获得了上亿活跃用户。 智能芯片是针对人工智能领域设计的芯片，为人工智能应用提供所需的基础算力，是支撑智能产业发展的核心物质载体。1月30日~2月7日，AI芯片提供商寒武纪-U（SH688256......,芯片提供商; 芯片产品; 寒武纪; 人工智能领域; 智能芯片; ChatGPT;
发挥知识创造能力 着重创新模式培养,李蕾,解放日报,2023-02-09,报纸,0,313,ChatGPT正在掀起一股新的人工智能热潮。 最近大“火”的ChatGPT，获得微软巨额投资。不少商界大佬也纷纷夸赞ChatGPT。马斯克表示，“ChatGPT很惊人，我们离强大到危险的人工智能不远了”。微软CEO纳德拉说，“AIGC堪比工业革命!微软将全线接入ChatGPT”。美国数字媒体公司Bu......,人工智能; 创新创业教育; 语言模型; 强化学习;
生成式AI步入崛起期？,张弛,金融时报,2023-02-09,报纸,0,172,经过最近各方消息铺天盖地地轰炸，很难说还有年轻人没听过ChatGPT和AIGC（人工智能生成内容），更别提那些对市场动向异常敏锐的投资机构了。 “去年11月底，ChatGPT刚推出便成为焦点，虽然后来大家普遍感觉相关报道少了，但其实到今年1月底，ChatGPT的月活用户就已经突破1亿......,人工智能; 生成式;
ChatGPT概念股不断扩容 谨防上市公司蹭热点,李乔宇; 许林艳,证券日报,2023-02-08,报纸,0,147,自年初开市以来，ChatGPT热度一直高居不下。ChatGPT是一款人工智能语音聊天机器人，由OPenAI公司在2022年11月30日推出。截至2023年1月末，ChatGPT推出仅两个月时间，其月活用户就已经突破了1亿户，成为史上用户增长速度最快的消费级应用程序。 ChatGPT产品爆火，相关概念股......,概念股; ChatGPT; 上市公司;
A股ChatGPT概念业绩不佳,杨洁,中国证券报,2023-02-08,报纸,0,21,"近日,ChatGPT热度不断提升,2月7日,谷歌、百度纷纷宣布推出类似AI产品,由此再度引发市场相关概念股热炒。不过,投资者需要关注的是,A股ChatGPT概念公司2022年业绩多数表现不佳。根据Wind统计,18家发布2022年业绩预告的相关概念公司中,仅有2家业绩预喜,其余16家公司业绩亏损或者......",ChatGPT; 概念股; 业绩预告; 汉王科技; 股价异动;
百度版ChatGPT三月对公众开放 股价昨日涨超15%,刘佳,第一财经日报,2023-02-08,报纸,0,45,上周，一条百度将于3月在中国推出类似ChatGPT的AI聊天机器人的传闻，令百度股价一度涨超5%。2月7日，百度方面向第一财经记者确认，该项目名字确定为文心一言，英文名ERNIE Bot，3月份完成内测，面向公众开放。截至当日收盘，百度港股价格上涨15.3%至162.5港元。 百度方面人......,ChatGPT;
ChatGPT风口A股镜像,雷晨,21世纪经济报道,2023-02-08,报纸,0,82,作为史上用户增长速度最快的消费级应用，ChatGPT近期引发全球市场的狂欢。资本市场上，ChatGPT引起投资者高度关注，相关概念股股价纷纷“拔地而起”。 2月7日，多位受访专家对记者表示，长期来看，ChatGPT具有广泛的商业化前景，但短期而言，ChatGPT的商业化落地仍需较长时......,概念股; 上市公司; 汉王科技; ChatGPT;
谷歌百度火速入局 类ChatGPT三足鼎立？,魏蔚,北京商报,2023-02-08,报纸,0,114,同一天，谷歌和百度的类ChatGPT项目先后曝光。北京时间2月7日，谷歌CEO桑达尔·皮查伊宣布，谷歌计划推出一款聊天机器人Bard，与OpenAI颇受欢迎的ChatGPT竞争，这一产品的功能与传闻中谷歌正在测试的“Apprentice Bard”聊天机器人十分相似，工程师认为Bard“反应非常像人类......,ChatGPT;
ChatGPT爆红 AI大规模商用离我们还有多远？,邢萌,证券日报,2023-02-08,报纸,0,263,上线不到一周日活用户破百万，2个月破亿……AI聊天机器人ChatGPT火爆全球，一时间成为现象级消费类AI应用。 ChatGPT有望打开千行百业的海量应用场景，引发AI产业变革。微软、谷歌等科技巨头纷纷下场，抢先布局AI新赛道。同时，近期ChatGPT开启商业变现，推出付费订阅版本，......,聊天机器人; ChatGPT; 人工智能; 陈晓华;
对标ChatGPT，百度将上线“文心一言”,倪浩; 沈维多,环球时报,2023-02-08,报纸,0,185,中国互联网企业百度7日向《环球时报》记者证实，其对标目前流行的人工智能聊天机器人ChatGPT的项目“文心一言”，将在今年3月份完成内测后向公众开放。ChatGPT横空出世引发AI（人工智能）业界新一轮的竞争风潮。谷歌、微软等科技巨头都在加速布局以抢占先机。 百度7日对《环......,人工智能; ChatGPT;
ChatGPT正掀起一场技术革命,俞陶然,解放日报,2023-02-08,报纸,0,648,虽然大多数人尚未用过，但在国内介绍ChatGPT的文章已有很多。有些作者认为它是人工智能领域的革命性产品，将改变人们的学习和工作方式；也有些作者觉得它的能力有点言过其实，自动生成的报告、论文、诗歌等作品水平一般。对此，复旦大学计算机科学技术学院教授、自然语言处理......,语言模型; 人工智能系统; 技术革命; ChatGPT; 自然语言处理; 数据训练; 参数量; 机器人; 城市群; 研发团队;
ChatGPT大热，将给世界带来什么,张全; 何贝贝,解放日报,2023-02-08,报纸,0,502,能“更通人性”地与用户聊天，可按要求写诗歌和情书，甚至写代码和修改编程漏洞也不在话下……连日来，微软公司推出的“聊天生成预训练转换器（ChatGPT）”火爆全网，上线才2个月就用户破亿。6日，谷歌宣布推出名为“学徒巴德（Bard）”的人工智能（AI）工具，欲与ChatGPT一......,人工智能; ChatGPT; 语言模型;
中国版ChatGPT来了 百度“文心一言”3月对外开放,可杨;王晶;陈鹏丽;杨煜,每日经济新闻,2023-02-08,报纸,0,315,2月7日，《每日经济新闻》记者自百度方面获悉，百度已投入开发类似ChatGPT的相关技术，该项目名字确定为“文心一言”，英文名“ERNIE Bot”，3月份完成内测，面向公众开放。 ChatGPT横空出世迅速引起外界关注。推出仅两个月后，今年1月末，其月活用户已经突破了1亿，成为史......,汉王科技; NLP; 概念股; ChatGPT; 科大讯飞;
强蹭ChatGPT 奥飞娱乐涨停业绩却堪忧,马换换,北京商报,2023-02-08,报纸,0,44,“不务正业、蹭热点出货、又来忽悠……”这是奥飞娱乐（002292）投资者对公司的评价。近期，ChatGPT概念股成为了市场争相抢购的“香饽饽”，“眼红”的奥飞娱乐又开始借机“讲故事”。 ChatGPT的成功出圈让人工智能再度火了一把，拥有图灵机器人产品的北京光年无限科技有限......,互动平台; 北京商报; 投资者; ChatGPT;
ChatGPT概念股持续走高 有基金经理称暂不会下重注,徐宇,第一财经日报,2023-02-08,报纸,0,31,A股ChatGPT概念继续走热。截至2月7日收盘，包括神思电子（300479.SZ）、海天瑞声（688787.SH）、神州泰岳（30002.SZ）等6只相关概念股涨幅在10%以上。 在此之前，主营AI算法和人机协同操作系统研发的云从科技（688327.SH）与主营AI训练数据研发设计的海天瑞声，在节后开市短......,概念股; 基金经理; ChatGPT; 汉王科技;
该拿什么来面对ChatGPT,林子璐,解放日报,2023-02-08,报纸,0,357,什么是ChatGPT？不用点开搜索引擎，它自己就能回答你，“我是一个大型语言模型，接受过大量文本数据的训练，这使我能够对各种各样的输入生成类似人类的反应。当你问我一个问题时，我用我的文本数据训练和算法生成与你的问题相关的回答，并用一种听起来自然的方式写出来。我尽......,人工智能技术; ChatGPT; 文本数据;
“国产版ChatGPT”即将亮相 国内外厂商加速抢滩AIGC,杨清清; 赵宇彤,21世纪经济报道,2023-02-08,报纸,0,226,自去年年底以来大热的ChatGPT，也在迎来越来越多的竞争者。 2月7日，21世纪经济报道记者从百度方面获悉，百度内部正在进行ChatGPT竞品的上线冲刺，该项目名字确定为文心一言，英文名ERNIE Bot。项目将于3月份完成内测，并面向公众开放。 无独有偶，谷歌也在近期密集披露“......,百度搜索; 李彦宏; 谷歌公司; 人工智能技术; ChatGPT;
宝盈人工智能股票基金“搭错车”,李沛沛,每日经济新闻,2023-02-09,报纸,0,51,近日，ChatGPT在全球火热，A股市场上的ChatGPT和AIGC概念也被引爆，相关个股受到各路资金追捧，重仓基金的净值也随之出现上涨。 乘着这阵东风，多只人工智能主题基金今年的净值涨幅已超过15%，超过10%的也不在少数，为持有人带来了可观的收益。而《每日经济新闻》记者发现，......,股票基金; 第一大; 人工智能; 重仓股; 概念股;
ChatGPT搅动AI芯片“春水”,张赛男,21世纪经济报道,2023-02-09,报纸,0,126,ChatGPT成为最近资本市场最大的热点，引发相关概念股狂飙，2月8日，概念股汉王科技盘中继续拉升。 除了汉王科技，近日，云从科技、神思电子、天娱数科、三六零、视觉中国、壹网壹创等均有所异动。而从这些公司所处产业链不难发现，软硬件系统构成了AIGC（Artificial Intelli......,GPU; 汉王科技; 概念股; 语言模型; 云计算产业; ChatGPT;
未来，人工智能将怎样改变世界,张宣; 蔡姝雯; 程晓琳; 顾星欣,新华日报,2023-02-09,报纸,0,397,近日，一款功能强大的AI对话机器人ChatGPT成为全球热议话题。人工智能技术的最新进展让人们惊叹的同时，也让“机器取代人脑”“人工智能会不会造成失业潮”等疑问再次出现在人们视野。 目前，我国、我省这方面研究如何？飞速发展的AI技术革新，将给人们、企业带来什么样的影......,人工智能; 机器人; 人机对话技术; 人工智能领域; 改变世界;
ChatGPT带火AIGC赛道 AI芯片提供商寒武纪却面临大考,张宝莲,每日经济新闻,2023-02-09,报纸,0,284,2023年开年，在科技圈、资本圈，ChatGPT热度飙升，这款聊天机器人程序上线仅2个月，就获得了上亿活跃用户。 智能芯片是针对人工智能领域设计的芯片，为人工智能应用提供所需的基础算力，是支撑智能产业发展的核心物质载体。1月30日~2月7日，AI芯片提供商寒武纪-U（SH688256......,芯片提供商; 芯片产品; 寒武纪; 人工智能领域; 智能芯片; ChatGPT;
发挥知识创造能力 着重创新模式培养,李蕾,解放日报,2023-02-09,报纸,0,313,ChatGPT正在掀起一股新的人工智能热潮。 最近大“火”的ChatGPT，获得微软巨额投资。不少商界大佬也纷纷夸赞ChatGPT。马斯克表示，“ChatGPT很惊人，我们离强大到危险的人工智能不远了”。微软CEO纳德拉说，“AIGC堪比工业革命!微软将全线接入ChatGPT”。美国数字媒体公司Bu......,人工智能; 创新创业教育; 语言模型; 强化学习;
生成式AI步入崛起期？,张弛,金融时报,2023-02-09,报纸,0,172,经过最近各方消息铺天盖地地轰炸，很难说还有年轻人没听过ChatGPT和AIGC（人工智能生成内容），更别提那些对市场动向异常敏锐的投资机构了。 “去年11月底，ChatGPT刚推出便成为焦点，虽然后来大家普遍感觉相关报道少了，但其实到今年1月底，ChatGPT的月活用户就已经突破1亿......,人工智能; 生成式;
ChatGPT概念股不断扩容 谨防上市公司蹭热点,李乔宇; 许林艳,证券日报,2023-02-08,报纸,0,147,自年初开市以来，ChatGPT热度一直高居不下。ChatGPT是一款人工智能语音聊天机器人，由OPenAI公司在2022年11月30日推出。截至2023年1月末，ChatGPT推出仅两个月时间，其月活用户就已经突破了1亿户，成为史上用户增长速度最快的消费级应用程序。 ChatGPT产品爆火，相关概念股......,概念股; ChatGPT; 上市公司;
A股ChatGPT概念业绩不佳,杨洁,中国证券报,2023-02-08,报纸,0,21,"近日,ChatGPT热度不断提升,2月7日,谷歌、百度纷纷宣布推出类似AI产品,由此再度引发市场相关概念股热炒。不过,投资者需要关注的是,A股ChatGPT概念公司2022年业绩多数表现不佳。根据Wind统计,18家发布2022年业绩预告的相关概念公司中,仅有2家业绩预喜,其余16家公司业绩亏损或者......",ChatGPT; 概念股; 业绩预告; 汉王科技; 股价异动;
百度版ChatGPT三月对公众开放 股价昨日涨超15%,刘佳,第一财经日报,2023-02-08,报纸,0,45,上周，一条百度将于3月在中国推出类似ChatGPT的AI聊天机器人的传闻，令百度股价一度涨超5%。2月7日，百度方面向第一财经记者确认，该项目名字确定为文心一言，英文名ERNIE Bot，3月份完成内测，面向公众开放。截至当日收盘，百度港股价格上涨15.3%至162.5港元。 百度方面人......,ChatGPT;
ChatGPT风口A股镜像,雷晨,21世纪经济报道,2023-02-08,报纸,0,82,作为史上用户增长速度最快的消费级应用，ChatGPT近期引发全球市场的狂欢。资本市场上，ChatGPT引起投资者高度关注，相关概念股股价纷纷“拔地而起”。 2月7日，多位受访专家对记者表示，长期来看，ChatGPT具有广泛的商业化前景，但短期而言，ChatGPT的商业化落地仍需较长时......,概念股; 上市公司; 汉王科技; ChatGPT;
谷歌百度火速入局 类ChatGPT三足鼎立？,魏蔚,北京商报,2023-02-08,报纸,0,114,同一天，谷歌和百度的类ChatGPT项目先后曝光。北京时间2月7日，谷歌CEO桑达尔·皮查伊宣布，谷歌计划推出一款聊天机器人Bard，与OpenAI颇受欢迎的ChatGPT竞争，这一产品的功能与传闻中谷歌正在测试的“Apprentice Bard”聊天机器人十分相似，工程师认为Bard“反应非常像人类......,ChatGPT;
ChatGPT爆红 AI大规模商用离我们还有多远？,邢萌,证券日报,2023-02-08,报纸,0,263,上线不到一周日活用户破百万，2个月破亿……AI聊天机器人ChatGPT火爆全球，一时间成为现象级消费类AI应用。 ChatGPT有望打开千行百业的海量应用场景，引发AI产业变革。微软、谷歌等科技巨头纷纷下场，抢先布局AI新赛道。同时，近期ChatGPT开启商业变现，推出付费订阅版本，......,聊天机器人; ChatGPT; 人工智能; 陈晓华;
对标ChatGPT，百度将上线“文心一言”,倪浩; 沈维多,环球时报,2023-02-08,报纸,0,185,中国互联网企业百度7日向《环球时报》记者证实，其对标目前流行的人工智能聊天机器人ChatGPT的项目“文心一言”，将在今年3月份完成内测后向公众开放。ChatGPT横空出世引发AI（人工智能）业界新一轮的竞争风潮。谷歌、微软等科技巨头都在加速布局以抢占先机。 百度7日对《环......,人工智能; ChatGPT;
ChatGPT正掀起一场技术革命,俞陶然,解放日报,2023-02-08,报纸,0,648,虽然大多数人尚未用过，但在国内介绍ChatGPT的文章已有很多。有些作者认为它是人工智能领域的革命性产品，将改变人们的学习和工作方式；也有些作者觉得它的能力有点言过其实，自动生成的报告、论文、诗歌等作品水平一般。对此，复旦大学计算机科学技术学院教授、自然语言处理......,语言模型; 人工智能系统; 技术革命; ChatGPT; 自然语言处理; 数据训练; 参数量; 机器人; 城市群; 研发团队;
ChatGPT大热，将给世界带来什么,张全; 何贝贝,解放日报,2023-02-08,报纸,0,502,能“更通人性”地与用户聊天，可按要求写诗歌和情书，甚至写代码和修改编程漏洞也不在话下……连日来，微软公司推出的“聊天生成预训练转换器（ChatGPT）”火爆全网，上线才2个月就用户破亿。6日，谷歌宣布推出名为“学徒巴德（Bard）”的人工智能（AI）工具，欲与ChatGPT一......,人工智能; ChatGPT; 语言模型;
中国版ChatGPT来了 百度“文心一言”3月对外开放,可杨;王晶;陈鹏丽;杨煜,每日经济新闻,2023-02-08,报纸,0,315,2月7日，《每日经济新闻》记者自百度方面获悉，百度已投入开发类似ChatGPT的相关技术，该项目名字确定为“文心一言”，英文名“ERNIE Bot”，3月份完成内测，面向公众开放。 ChatGPT横空出世迅速引起外界关注。推出仅两个月后，今年1月末，其月活用户已经突破了1亿，成为史......,汉王科技; NLP; 概念股; ChatGPT; 科大讯飞;
强蹭ChatGPT 奥飞娱乐涨停业绩却堪忧,马换换,北京商报,2023-02-08,报纸,0,44,“不务正业、蹭热点出货、又来忽悠……”这是奥飞娱乐（002292）投资者对公司的评价。近期，ChatGPT概念股成为了市场争相抢购的“香饽饽”，“眼红”的奥飞娱乐又开始借机“讲故事”。 ChatGPT的成功出圈让人工智能再度火了一把，拥有图灵机器人产品的北京光年无限科技有限......,互动平台; 北京商报; 投资者; ChatGPT;
ChatGPT概念股持续走高 有基金经理称暂不会下重注,徐宇,第一财经日报,2023-02-08,报纸,0,31,A股ChatGPT概念继续走热。截至2月7日收盘，包括神思电子（300479.SZ）、海天瑞声（688787.SH）、神州泰岳（30002.SZ）等6只相关概念股涨幅在10%以上。 在此之前，主营AI算法和人机协同操作系统研发的云从科技（688327.SH）与主营AI训练数据研发设计的海天瑞声，在节后开市短......,概念股; 基金经理; ChatGPT; 汉王科技;
该拿什么来面对ChatGPT,林子璐,解放日报,2023-02-08,报纸,0,357,什么是ChatGPT？不用点开搜索引擎，它自己就能回答你，“我是一个大型语言模型，接受过大量文本数据的训练，这使我能够对各种各样的输入生成类似人类的反应。当你问我一个问题时，我用我的文本数据训练和算法生成与你的问题相关的回答，并用一种听起来自然的方式写出来。我尽......,人工智能技术; ChatGPT; 文本数据;
“国产版ChatGPT”即将亮相 国内外厂商加速抢滩AIGC,杨清清; 赵宇彤,21世纪经济报道,2023-02-08,报纸,0,226,自去年年底以来大热的ChatGPT，也在迎来越来越多的竞争者。 2月7日，21世纪经济报道记者从百度方面获悉，百度内部正在进行ChatGPT竞品的上线冲刺，该项目名字确定为文心一言，英文名ERNIE Bot。项目将于3月份完成内测，并面向公众开放。 无独有偶，谷歌也在近期密集披露“......,百度搜索; 李彦宏; 谷歌公司; 人工智能技术; ChatGPT;
